symbol,perp_symbol,perp_onboard_utc,spot_listing_utc,perp_minus_spot_hours
AIOZUSDT,AIOZUSDT,2024-06-13 08:16:01,2024-01-03 00:00:00,3896.3
XAIUSDT,XAIUSDT,2024-01-10 09:46:05,2024-01-09 00:00:00,33.8
ONDOUSDT,ONDOUSDT,2024-01-22 10:29:52,2024-01-18 00:00:00,106.5
SAROSUSDT,,,2024-01-19 00:00:00,
MANTAUSDT,MANTAUSDT,2024-01-18 11:02:58,2024-01-18 00:00:00,11.0
GTAIUSDT,,,2024-01-25 00:00:00,
DYMUSDT,DYMUSDT,2024-02-07 02:36:50,2024-02-06 00:00:00,26.6
ZETAUSDT,ZETAUSDT,2024-02-01 04:05:29,2024-02-01 00:00:00,4.1
JUPUSDT,JUPUSDT,2024-01-31 15:51:07,2024-01-31 00:00:00,15.9
MAVIAUSDT,MAVIAUSDT,2024-02-07 09:12:26,2024-02-06 00:00:00,33.2
ALTUSDT,ALTUSDT,2024-01-25 11:17:39,2024-02-19 00:00:00,-588.7
HTXUSDT,,,2024-02-19 00:00:00,
CSPRUSDT,,,2024-02-22 00:00:00,
STRKUSDT,STRKUSDT,2024-02-20 13:42:06,2024-02-20 00:00:00,13.7
CPOOLUSDT,,,2024-02-21 00:00:00,
PORTALUSDT,PORTALUSDT,2024-03-01 03:40:58,2024-02-29 00:00:00,27.7
SCAUSDT,,,2024-03-08 00:00:00,
AEVOUSDT,AEVOUSDT,2024-03-13 10:50:14,2024-03-13 00:00:00,10.8
BOMEUSDT,BOMEUSDT,2024-03-15 08:52:25,2024-03-16 00:00:00,-15.1
ZKJUSDT,,,2024-03-19 00:00:00,
ETHFIUSDT,ETHFIUSDT,2024-03-18 13:16:43,2024-03-18 00:00:00,13.3
NAKAUSDT,,,2024-03-22 00:00:00,
DEGENUSDT,,,2024-03-28 00:00:00,
ENAUSDT,ENAUSDT,2024-04-02 09:42:46,2024-04-02 00:00:00,9.7
WUSDT,WUSDT,2024-04-03 12:39:24,2024-04-03 00:00:00,12.7
ESEUSDT,,,2024-04-11 00:00:00,
TNSRUSDT,TNSRUSDT,2024-04-09 07:47:44,2024-04-09 00:00:00,7.8
PRCLUSDT,,,2024-04-16 00:00:00,
BRETTUSDT,BRETTUSDT,2024-04-26 08:17:24,2024-04-18 00:00:00,200.3
MEWUSDT,MEWUSDT,2024-04-23 09:15:41,2024-04-19 00:00:00,105.3
MERLUSDT,MERLUSDT,2024-04-19 11:02:21,2024-04-19 00:00:00,11.0
SAFEUSDT,SAFEUSDT,2024-04-29 09:24:49,2024-04-23 00:00:00,153.4
WIFUSDT,WIFUSDT,2024-01-11 09:31:44,2024-04-29 00:00:00,-2606.5
SVLUSDT,,,2024-04-29 00:00:00,
KMNOUSDT,KMNOUSDT,2024-10-09 08:52:41,2024-04-30 00:00:00,3896.9
ZENTUSDT,,,2024-04-30 00:00:00,
TAIUSDT,,,2024-05-02 00:00:00,
PONKEUSDT,,,2024-05-10 00:00:00,
BBUSDT,BBUSDT,2024-05-14 11:41:00,2024-05-13 00:00:00,35.7
CTAUSDT,,,2024-05-15 00:00:00,
NOTUSDT,NOTUSDT,2024-05-16 15:41:23,2024-05-16 00:00:00,15.7
DRIFTUSDT,DRIFTUSDT,2024-05-21 09:32:48,2024-05-16 00:00:00,129.5
SQDUSDT,SQDUSDT,2025-06-11 11:23:25,2024-05-17 00:00:00,9371.4
MOGUSDT,,,2024-06-04 00:00:00,
TAIKOUSDT,TAIKOUSDT,2024-06-05 14:17:35,2024-06-05 00:00:00,14.3
AURORAUSDT,,,2024-06-07 00:00:00,
IOUSDT,IOUSDT,2024-06-11 13:49:00,2024-06-11 00:00:00,13.8
ATHUSDT,ATHUSDT,2024-06-13 09:01:44,2024-06-12 00:00:00,33.0
COOKIEUSDT,COOKIEUSDT,2025-01-07 07:32:59,2024-06-13 00:00:00,4999.5
PIRATEUSDT,,,2024-06-13 00:00:00,
ZKUSDT,ZKUSDT,2024-06-20 02:08:00,2024-06-17 00:00:00,74.1
ZROUSDT,ZROUSDT,2024-06-20 13:54:06,2024-06-20 00:00:00,13.9
BLASTUSDT,BLASTUSDT,2024-06-27 09:25:10,2024-06-26 00:00:00,33.4
MOCAUSDT,MOCAUSDT,2024-07-12 09:57:42,2024-07-11 00:00:00,34.0
A8USDT,,,2024-07-17 00:00:00,
CLOUDUSDT,,,2024-07-18 00:00:00,
AVAILUSDT,,,2024-07-23 00:00:00,
L3USDT,,,2024-07-30 00:00:00,
RENDERUSDT,RENDERUSDT,2024-07-26 08:26:47,2024-07-31 00:00:00,-111.6
DOGSUSDT,,,2024-08-26 00:00:00,
ORDERUSDT,ORDERUSDT,2024-08-27 09:02:16,2024-08-26 00:00:00,33.0
SUNDOGUSDT,,,2024-09-11 00:00:00,
CATIUSDT,CATIUSDT,2024-09-09 08:15:12,2024-09-20 00:00:00,-255.7
HMSTRUSDT,HMSTRUSDT,2024-09-11 06:08:16,2024-09-26 00:00:00,-353.9
EIGENUSDT,EIGENUSDT,2024-08-06 03:43:33,2024-10-01 00:00:00,-1340.3
NAVXUSDT,,,2024-10-07 00:00:00,
BBSOLUSDT,,,2024-10-10 00:00:00,
CARVUSDT,CARVUSDT,2024-10-16 08:41:15,2024-10-10 00:00:00,152.7
DEEPUSDT,DEEPUSDT,2024-10-17 11:49:14,2024-10-14 00:00:00,83.8
PUFFERUSDT,PUFFERUSDT,2024-10-14 12:37:01,2024-10-14 00:00:00,12.6
DBRUSDT,DBRUSDT,2024-10-17 10:42:10,2024-10-17 00:00:00,10.7
SCRUSDT,SCRUSDT,2024-10-08 12:25:58,2024-10-22 00:00:00,-323.6
COOKUSDT,,,2024-10-29 00:00:00,
GRASSUSDT,GRASSUSDT,2024-10-15 10:12:03,2024-10-28 00:00:00,-301.8
KAIAUSDT,KAIAUSDT,2024-11-01 08:24:34,2024-11-01 00:00:00,8.4
SWELLUSDT,,,2024-11-07 00:00:00,
NSUSDT,,,2024-11-14 00:00:00,
GOATUSDT,GOATUSDT,2024-10-22 10:44:24,2024-11-13 00:00:00,-517.3
MORPHOUSDT,MORPHOUSDT,2024-11-22 08:35:59,2024-11-21 00:00:00,32.6
NEIROCTOUSDT,1000NEIROCTOUSDT,2024-09-16 09:47:04,2024-11-20 00:00:00,-1550.2
BANUSDT,BANUSDT,2024-11-18 08:39:50,2024-11-18 00:00:00,8.7
OLUSDT,,,2024-11-19 00:00:00,
VIRTUALUSDT,VIRTUALUSDT,2024-11-01 08:25:51,2024-11-20 00:00:00,-447.6
MAJORUSDT,,,2024-11-28 00:00:00,
PNUTUSDT,PNUTUSDT,2024-11-11 08:16:46,2024-11-22 00:00:00,-255.7
SPXUSDT,SPXUSDT,2024-10-29 06:31:37,2024-11-21 00:00:00,-545.5
CHILLGUYUSDT,CHILLGUYUSDT,2024-11-21 09:38:17,2024-11-26 00:00:00,-110.4
SUPRAUSDT,,,2024-11-27 00:00:00,
PAALUSDT,,,2024-11-29 00:00:00,
FUSDT,FUSDT,2024-12-06 10:18:12,2024-12-06 00:00:00,10.3
HPOS10IUSDT,,,2024-11-29 00:00:00,
MOVEUSDT,MOVEUSDT,2024-12-09 12:06:17,2024-12-09 00:00:00,12.1
MEUSDT,MEUSDT,2024-11-25 08:03:15,2024-12-10 00:00:00,-351.9
ZEREBROUSDT,ZEREBROUSDT,2024-12-30 08:16:48,2024-12-11 00:00:00,464.3
AEROUSDT,AEROUSDT,2024-07-15 09:05:08,2024-12-13 00:00:00,-3614.9
STREAMUSDT,,,2024-12-17 00:00:00,
VANAUSDT,VANAUSDT,2024-12-16 11:43:42,2024-12-16 00:00:00,11.7
PENGUUSDT,PENGUUSDT,2024-12-17 14:22:26,2024-12-17 00:00:00,14.4
FLUIDUSDT,FLUIDUSDT,2025-09-24 11:47:47,2024-12-18 00:00:00,6731.8
FUELUSDT,,,2024-12-19 00:00:00,
ALCHUSDT,ALCHUSDT,2025-01-07 07:32:11,2024-12-26 00:00:00,295.5
FLOCKUSDT,FLOCKUSDT,2025-01-09 08:50:07,2024-12-31 00:00:00,224.8
SONICUSDT,SONICUSDT,2025-01-07 12:24:55,2025-01-07 00:00:00,12.4
LAVAUSDT,,,2025-01-09 00:00:00,
XTERUSDT,,,2025-01-08 00:00:00,
AIXBTUSDT,AIXBTUSDT,2024-12-20 08:38:27,2025-01-10 00:00:00,-495.4
SUSDT,SUSDT,2025-01-15 08:47:20,2025-01-15 00:00:00,8.8
BMTUSDT,BMTUSDT,2025-03-13 07:58:44,2025-03-11 00:00:00,56.0
TOSHIUSDT,1000TOSHIUSDT,2024-12-05 09:22:42,2025-01-14 00:00:00,-950.6
GPSUSDT,GPSUSDT,2025-02-18 08:15:43,2025-01-16 00:00:00,800.3
SOLVUSDT,,,2025-01-17 00:00:00,
OBTUSDT,,,2025-01-20 00:00:00,
SOSOUSDT,SOSOUSDT,2025-06-26 11:07:59,2025-01-24 00:00:00,3683.1
TRUMPUSDT,TRUMPUSDT,2025-01-18 06:31:47,2025-01-18 00:00:00,6.5
PLUMEUSDT,PLUMEUSDT,2025-01-24 06:45:00,2025-01-21 00:00:00,78.8
ANIMEUSDT,ANIMEUSDT,2025-01-23 14:20:24,2025-01-23 00:00:00,14.3
LAYERUSDT,,,2025-02-11 00:00:00,
BERAUSDT,BERAUSDT,2025-02-06 13:16:28,2025-02-06 00:00:00,13.3
AVLUSDT,,,2025-02-12 00:00:00,
B3USDT,B3USDT,2025-02-12 10:16:21,2025-02-10 00:00:00,58.3
DIAMUSDT,,,2025-02-12 00:00:00,
IPUSDT,,,2025-02-13 00:00:00,
ROAMUSDT,ROAMUSDT,2025-03-07 07:40:31,2025-03-06 00:00:00,31.7
REDUSDT,REDUSDT,2025-02-26 06:50:52,2025-03-06 00:00:00,-185.2
BRUSDT,BRUSDT,2025-03-20 13:19:48,2025-03-20 00:00:00,13.3
WALUSDT,WALUSDT,2025-03-27 10:05:56,2025-03-27 00:00:00,10.1
PARTIUSDT,PARTIUSDT,2025-03-25 13:08:54,2025-03-25 00:00:00,13.1
CORNUSDT,,,2025-03-28 00:00:00,
PUMPBTCUSDT,PUMPBTCUSDT,2025-04-11 08:16:34,2025-04-01 00:00:00,248.3
BABY1USDT,,,2025-04-10 00:00:00,
XAUTUSDT,XAUTUSDT,2025-04-03 11:05:59,2025-04-11 00:00:00,-180.9
VETUSDT,VETUSDT,2021-10-25 00:00:00,2025-04-14 00:00:00,-30408.0
VTHOUSDT,,,2025-04-17 00:00:00,
WCTUSDT,WCTUSDT,2025-04-15 11:32:07,2025-04-15 00:00:00,11.5
DOLOUSDT,DOLOUSDT,2025-07-28 08:54:10,2025-04-24 00:00:00,2288.9
HYPERUSDT,HYPERUSDT,2025-04-22 12:07:07,2025-04-22 00:00:00,12.1
ZORAUSDT,ZORAUSDT,2025-04-25 09:17:30,2025-04-23 00:00:00,57.3
INITUSDT,INITUSDT,2025-04-14 07:34:53,2025-04-24 00:00:00,-232.4
SIGNUSDT,SIGNUSDT,2025-04-28 11:09:23,2025-04-28 00:00:00,11.2
HAEDALUSDT,HAEDALUSDT,2025-04-30 11:29:53,2025-04-29 00:00:00,35.5
SXTUSDT,SXTUSDT,2025-05-03 06:12:15,2025-05-08 00:00:00,-113.8
DOODUSDT,DOODUSDT,2025-05-09 13:20:33,2025-05-09 00:00:00,13.3
NXPCUSDT,NXPCUSDT,2025-05-15 06:19:25,2025-05-15 00:00:00,6.3
HUMAUSDT,HUMAUSDT,2025-05-26 13:01:54,2025-05-26 00:00:00,13.0
AOUSDT,,,2025-05-29 00:00:00,
AUSDT,AUSDT,2025-05-28 08:20:02,2025-05-28 00:00:00,8.3
LAUSDT,LAUSDT,2025-06-05 05:20:01,2025-06-04 00:00:00,29.3
CUDISUSDT,,,2025-06-05 00:00:00,
RESOLVUSDT,RESOLVUSDT,2025-06-10 13:11:39,2025-06-10 00:00:00,13.2
HOMEUSDT,HOMEUSDT,2025-06-10 11:15:50,2025-06-10 00:00:00,11.3
SPKUSDT,SPKUSDT,2025-06-17 09:12:47,2025-06-17 00:00:00,9.2
HUSDT,HUSDT,2025-06-25 09:50:35,2025-06-25 00:00:00,9.8
NEWTUSDT,NEWTUSDT,2025-06-20 07:45:06,2025-06-24 00:00:00,-88.2
SAHARAUSDT,SAHARAUSDT,2025-06-20 11:11:33,2025-06-26 00:00:00,-132.8
ICNTUSDT,ICNTUSDT,2025-07-03 11:00:16,2025-07-03 00:00:00,11.0
HYPEUSDT,HYPEUSDT,2024-12-04 12:52:20,2025-07-11 00:00:00,-5243.1
TACUSDT,TACUSDT,2025-07-15 10:48:18,2025-07-15 00:00:00,10.8
PUMPUSDT,,,2025-07-14 00:00:00,
ESUSDT,ESUSDT,2025-07-16 10:27:33,2025-07-16 00:00:00,10.5
ERAUSDT,ERAUSDT,2025-07-17 15:46:22,2025-07-17 00:00:00,15.8
TAUSDT,TAUSDT,2025-07-21 09:11:59,2025-07-21 00:00:00,9.2
TREEUSDT,TREEUSDT,2025-07-29 14:03:45,2025-07-29 00:00:00,14.1
TOWNSUSDT,TOWNSUSDT,2025-08-05 14:33:19,2025-08-05 00:00:00,14.6
PROVEUSDT,PROVEUSDT,2025-08-05 17:03:49,2025-09-08 00:00:00,-798.9
CAMPUSDT,,,2025-08-27 00:00:00,
CFGUSDT,CFGUSDT,2026-03-17 04:02:55,2025-08-26 00:00:00,4876.0
WLFIUSDT,WLFIUSDT,2025-08-23 09:02:36,2025-09-01 00:00:00,-207.0
SOMIUSDT,SOMIUSDT,2025-09-02 14:39:01,2025-09-02 00:00:00,14.7
SKYUSDT,SKYUSDT,2025-08-11 08:28:06,2025-09-04 00:00:00,-567.5
UUSDT,,,2025-09-04 00:00:00,
AVNTUSDT,AVNTUSDT,2025-09-09 14:05:37,2025-09-09 00:00:00,14.1
LINEAUSDT,LINEAUSDT,2025-09-01 09:34:45,2025-09-10 00:00:00,-206.4
HOLOUSDT,HOLOUSDT,2025-09-11 12:05:40,2025-09-11 00:00:00,12.1
ZKCUSDT,ZKCUSDT,2025-09-15 14:05:16,2025-09-15 00:00:00,14.1
BARDUSDT,BARDUSDT,2025-09-16 09:48:57,2025-09-18 00:00:00,-38.2
ASTERUSDT,ASTERUSDT,2025-09-19 07:46:33,2025-09-21 00:00:00,-40.2
XPLUSDT,XPLUSDT,2025-08-22 09:27:14,2025-09-25 00:00:00,-806.5
0GUSDT,0GUSDT,2025-09-18 06:08:56,2025-09-23 00:00:00,-113.9
XANUSDT,XANUSDT,2025-09-29 10:44:29,2025-09-29 00:00:00,10.7
FFUSDT,FFUSDT,2025-09-29 14:22:53,2025-09-29 00:00:00,14.4
2ZUSDT,2ZUSDT,2025-10-02 13:38:07,2025-10-02 00:00:00,13.6
NOMUSDT,NOMUSDT,2025-10-01 08:17:38,2025-10-01 00:00:00,8.3
ENSOUSDT,ENSOUSDT,2025-10-14 09:21:01,2025-10-14 00:00:00,9.4
YBUSDT,YBUSDT,2025-10-11 07:48:56,2025-10-15 00:00:00,-88.2
RECALLUSDT,RECALLUSDT,2025-10-15 12:21:09,2025-10-15 00:00:00,12.4
ZBTUSDT,ZBTUSDT,2025-10-17 13:04:01,2025-10-17 00:00:00,13.1
METUSDT,METUSDT,2025-10-10 09:54:06,2025-10-23 00:00:00,-302.1
GAIBUSDT,,,2025-11-19 00:00:00,
MMTUSDT,MMTUSDT,2025-10-27 09:22:23,2025-11-04 00:00:00,-182.6
CCUSDT,CCUSDT,2025-10-31 13:20:55,2025-11-10 00:00:00,-226.7
ELIZAOSUSDT,,,2025-11-12 00:00:00,
PIEVERSEUSDT,PIEVERSEUSDT,2025-11-14 13:34:03,2025-11-14 00:00:00,13.6
MONUSDT,MONUSDT,2025-11-24 13:58:06,2025-11-24 00:00:00,14.0
STABLEUSDT,STABLEUSDT,2025-11-06 12:50:33,2025-12-08 00:00:00,-755.2
WETUSDT,WETUSDT,2025-12-04 10:59:56,2025-12-09 00:00:00,-109.0
NIGHTUSDT,NIGHTUSDT,2025-12-09 10:21:35,2025-12-09 00:00:00,10.4
SCORUSDT,,,2025-12-17 00:00:00,
ZKPUSDT,ZKPUSDT,2025-12-22 05:50:58,2025-12-19 00:00:00,77.8
VOOIUSDT,,,2025-12-18 00:00:00,
LITUSDT,LITUSDT,2025-12-30 10:08:18,2026-01-15 00:00:00,-373.9
BREVUSDT,BREVUSDT,2025-12-30 12:56:05,2026-01-06 00:00:00,-155.1
WHITEWHALEUSDT,WHITEWHALEUSDT,2026-01-06 12:08:08,2026-01-06 00:00:00,12.1
FOGOUSDT,FOGOUSDT,2026-01-11 07:14:29,2026-01-15 00:00:00,-88.8
ELSAUSDT,ELSAUSDT,2026-01-22 07:22:15,2026-01-20 00:00:00,55.4
SKRUSDT,SKRUSDT,2026-01-20 10:29:47,2026-01-21 00:00:00,-13.5
FIGHTUSDT,FIGHTUSDT,2026-01-23 11:42:16,2026-01-22 00:00:00,35.7
SENTUSDT,SENTUSDT,2025-11-15 07:09:48,2026-01-22 00:00:00,-1624.8
USATUSDT,,,2026-01-27 00:00:00,
PYBOBOUSDT,,,2026-01-26 00:00:00,
BIRBUSDT,BIRBUSDT,2026-01-28 11:12:45,2026-01-28 00:00:00,11.2
ZAMAUSDT,ZAMAUSDT,2026-01-09 10:08:47,2026-02-02 00:00:00,-565.9
TRIAUSDT,TRIAUSDT,2026-02-05 10:01:40,2026-02-03 00:00:00,58.0
AZTECUSDT,AZTECUSDT,2026-02-12 07:27:46,2026-02-12 00:00:00,7.5
ROBOUSDT,ROBOUSDT,2026-02-25 09:31:02,2026-02-27 00:00:00,-38.5
BSBUSDT,BSBUSDT,2026-03-26 04:49:01,2026-03-04 00:00:00,532.8
MANTRAUSDT,,,2026-03-04 00:00:00,
OPNUSDT,OPNUSDT,2026-02-11 09:49:29,2026-03-05 00:00:00,-518.2
BASEDUSDT,BASEDUSDT,2026-03-30 08:23:42,2026-03-30 00:00:00,8.4
EDGEUSDT,EDGEUSDT,2026-03-20 03:37:34,2026-03-31 00:00:00,-260.4
OPGUSDT,OPGUSDT,2026-04-23 05:52:01,2026-04-21 00:00:00,53.9
CHIPUSDT,CHIPUSDT,2026-04-16 09:18:50,2026-04-21 00:00:00,-110.7
BLENDUSDT,BLENDUSDT,2026-04-29 09:38:28,2026-04-24 00:00:00,129.6
MEGAUSDT,MEGAUSDT,2025-10-23 11:48:17,2026-04-30 00:00:00,-4524.2
BILLUSDT,BILLUSDT,2026-05-06 06:42:18,2026-05-04 00:00:00,54.7
