date_utc,dvol_open,dvol_high,dvol_low,dvol_close
2021-03-24,94.13,106.94,92.67,106.73
2021-03-25,105.01,105.78,102.0,105.39
2021-03-26,93.03,93.57,83.04,90.27
2021-03-27,86.21,87.53,85.89,87.46
2021-03-28,84.57,85.49,82.81,84.22
2021-03-29,85.58,89.34,84.25,88.24
2021-03-30,91.5,91.8,88.24,89.19
2021-03-31,86.78,95.85,86.36,93.88
2021-04-01,89.73,89.95,86.24,89.09
2021-04-02,89.63,95.56,89.39,94.81
2021-04-03,95.13,96.42,93.65,95.17
2021-04-04,90.74,94.07,90.67,93.72
2021-04-05,91.45,93.89,90.56,91.94
2021-04-06,92.69,93.22,91.77,92.31
2021-04-07,88.93,89.96,87.58,88.32
2021-04-08,84.38,86.88,83.8,86.21
2021-04-09,85.96,86.08,83.19,84.58
2021-04-10,91.62,91.94,89.99,90.53
2021-04-11,91.54,93.45,91.28,93.35
2021-04-12,96.8,97.45,96.38,96.81
2021-04-13,100.03,102.46,99.33,102.2
2021-04-14,97.93,98.04,92.85,94.57
2021-04-15,90.88,91.32,88.65,89.72
2021-04-16,87.77,88.75,84.97,85.47
2021-04-17,82.03,83.57,80.81,83.47
2021-04-18,98.27,99.72,96.52,97.12
2021-04-19,95.62,96.35,93.51,93.87
2021-04-20,93.92,96.37,92.51,94.36
2021-04-21,92.89,93.43,92.12,92.71
2021-04-22,93.43,97.21,83.47,91.92
2021-04-23,100.51,102.56,94.13,94.38
2021-04-24,97.48,101.12,97.45,100.44
2021-04-25,102.88,103.29,99.82,101.64
2021-04-26,93.79,93.91,89.71,91.39
2021-04-27,84.27,95.02,83.8,92.29
2021-04-28,90.64,91.96,87.58,88.95
2021-04-29,87.73,94.96,87.24,94.2
2021-04-30,95.02,96.63,93.68,95.97
2021-05-01,91.85,98.58,88.61,98.0
2021-05-02,91.73,97.33,91.62,95.95
2021-05-03,95.54,113.99,94.44,111.48
2021-05-04,114.82,123.27,113.94,116.77
2021-05-05,114.09,117.96,113.13,117.82
2021-05-06,115.34,117.14,114.26,115.85
2021-05-07,110.34,111.36,108.66,109.35
2021-05-08,110.09,115.3,109.99,113.49
2021-05-09,112.33,115.2,112.11,115.12
2021-05-10,120.7,125.78,119.9,124.28
2021-05-11,126.94,127.94,125.52,127.51
2021-05-12,124.28,135.1,124.15,132.93
2021-05-13,128.91,128.92,121.25,124.53
2021-05-14,122.63,125.42,120.46,125.3
2021-05-15,126.5,129.5,125.98,128.69
2021-05-16,124.07,135.15,122.62,129.27
2021-05-17,132.91,134.96,127.4,131.11
2021-05-18,127.45,129.42,126.68,129.27
2021-05-19,156.47,175.93,150.38,158.27
2021-05-20,178.13,189.1,172.22,181.68
2021-05-21,169.68,192.8,161.88,185.12
2021-05-22,196.89,197.07,186.0,186.76
2021-05-23,196.11,206.44,186.46,193.34
2021-05-24,181.25,184.8,162.52,165.51
2021-05-25,169.64,171.2,165.24,167.01
2021-05-26,168.37,170.41,161.42,162.34
2021-05-27,163.32,163.64,157.13,161.07
2021-05-28,172.26,172.56,160.26,170.2
2021-05-29,164.77,174.05,164.44,173.12
2021-05-30,163.52,166.36,155.15,156.16
2021-05-31,149.63,150.05,143.45,148.59
2021-06-01,148.97,150.99,148.68,149.88
2021-06-02,148.66,148.68,143.92,145.1
2021-06-03,140.07,140.97,138.74,140.76
2021-06-04,142.6,144.23,138.46,138.64
2021-06-05,138.45,141.05,138.16,140.87
2021-06-06,139.74,140.27,137.01,138.32
2021-06-07,134.1,138.46,131.64,138.24
2021-06-08,140.13,148.32,139.84,141.21
2021-06-09,137.38,137.79,133.1,133.27
2021-06-10,127.72,128.03,125.32,125.64
2021-06-11,122.55,123.37,120.74,122.64
2021-06-12,120.34,122.26,119.75,122.26
2021-06-13,121.06,123.77,120.14,123.11
2021-06-14,121.18,122.37,118.53,119.31
2021-06-15,113.75,113.81,110.31,110.35
2021-06-16,108.53,110.19,107.54,109.16
2021-06-17,105.49,107.19,105.28,106.66
2021-06-18,106.96,116.05,106.94,108.92
2021-06-19,103.36,103.91,101.81,103.76
2021-06-20,109.81,110.54,106.23,106.78
2021-06-21,121.89,124.62,119.77,124.43
2021-06-22,125.29,133.48,122.88,123.72
2021-06-23,119.98,120.26,116.58,118.16
2021-06-24,119.73,119.77,115.5,116.28
2021-06-25,116.52,119.02,115.68,118.58
2021-06-26,121.33,121.33,117.48,119.49
2021-06-27,116.14,117.59,114.94,117.59
2021-06-28,116.3,116.72,113.28,114.07
2021-06-29,113.28,113.53,109.38,109.67
2021-06-30,112.14,115.29,112.09,114.41
2021-07-01,111.65,115.18,111.65,113.77
2021-07-02,112.5,113.4,108.22,108.95
2021-07-03,106.99,108.15,106.3,107.32
2021-07-04,102.46,104.96,102.16,104.96
2021-07-05,105.99,106.09,101.34,102.79
2021-07-06,102.72,106.52,102.64,106.33
2021-07-07,104.53,105.92,104.17,105.5
2021-07-08,108.36,110.14,107.38,107.88
2021-07-09,105.79,106.29,102.63,103.92
2021-07-10,104.28,104.9,102.63,104.72
2021-07-11,102.6,103.83,101.81,103.6
2021-07-12,103.27,103.75,102.17,103.41
2021-07-13,101.97,106.23,101.85,105.3
2021-07-14,102.97,103.07,100.8,101.34
2021-07-15,101.5,102.33,101.02,101.7
2021-07-16,101.83,101.98,98.3,100.98
2021-07-17,101.97,102.42,99.54,100.89
2021-07-18,99.12,101.58,99.02,101.43
2021-07-19,101.67,107.35,101.48,106.48
2021-07-20,109.06,111.76,107.79,108.45
2021-07-21,109.18,109.89,107.17,108.34
2021-07-22,107.06,107.64,105.0,105.24
2021-07-23,99.98,103.07,99.12,101.97
2021-07-24,100.59,103.61,100.58,102.41
2021-07-25,100.42,105.11,100.4,103.05
2021-07-26,104.25,105.85,101.75,105.35
2021-07-27,104.31,108.38,100.98,108.34
2021-07-28,105.83,107.83,105.06,107.3
2021-07-29,106.07,107.3,105.69,106.81
2021-07-30,96.95,104.42,96.65,103.84
2021-07-31,100.95,102.36,98.15,102.22
2021-08-01,103.44,104.7,102.37,103.95
2021-08-02,102.01,105.18,101.92,102.98
2021-08-03,104.35,106.01,103.99,105.79
2021-08-04,107.87,110.07,107.82,109.75
2021-08-05,107.68,115.81,106.78,114.91
2021-08-06,107.64,112.9,105.77,111.07
2021-08-07,114.82,118.77,113.7,118.74
2021-08-08,114.13,116.09,113.39,115.71
2021-08-09,120.78,127.85,120.29,127.77
2021-08-10,126.43,127.79,120.86,121.58
2021-08-11,121.8,122.92,119.92,120.03
2021-08-12,118.77,118.85,113.59,115.36
2021-08-13,112.85,117.33,111.94,117.07
2021-08-14,112.98,113.14,112.05,112.41
2021-08-15,111.6,112.34,109.76,111.83
2021-08-16,113.56,114.08,111.92,111.98
2021-08-17,111.4,113.08,110.12,113.03
2021-08-18,111.9,113.04,111.53,112.93
2021-08-19,110.85,112.43,109.41,112.14
2021-08-20,108.58,112.48,108.53,110.2
2021-08-21,108.19,109.27,107.68,108.21
2021-08-22,105.11,107.39,104.46,107.13
2021-08-23,107.65,108.8,105.83,107.08
2021-08-24,105.16,108.7,105.09,106.13
2021-08-25,106.61,107.09,103.24,103.62
2021-08-26,102.98,104.19,101.43,102.92
2021-08-27,99.55,102.42,99.22,102.06
2021-08-28,99.07,99.4,97.31,98.27
2021-08-29,98.14,99.69,96.9,99.54
2021-08-30,98.58,103.82,97.86,103.79
2021-08-31,106.36,106.42,103.67,104.64
2021-09-01,108.11,113.64,107.36,113.63
2021-09-02,112.13,113.81,110.69,110.75
2021-09-03,108.43,109.4,105.81,106.48
2021-09-04,105.98,108.55,105.82,107.6
2021-09-05,107.97,110.08,107.61,109.21
2021-09-06,107.16,108.37,106.27,107.56
2021-09-07,105.63,113.93,105.38,110.41
2021-09-08,110.28,110.52,106.88,107.7
2021-09-09,105.64,108.09,105.29,106.28
2021-09-10,104.07,105.57,103.24,104.56
2021-09-11,105.69,105.72,104.44,105.08
2021-09-12,104.49,106.42,104.14,106.1
2021-09-13,105.29,107.14,105.07,106.25
2021-09-14,105.15,106.85,104.75,106.64
2021-09-15,105.83,106.0,103.34,103.59
2021-09-16,100.87,101.29,97.77,98.61
2021-09-17,98.48,99.59,97.58,98.52
2021-09-18,97.85,98.6,96.83,97.54
2021-09-19,97.69,97.83,95.16,96.98
2021-09-20,100.7,108.37,100.35,104.64
2021-09-21,103.69,111.66,103.61,111.21
2021-09-22,106.73,107.07,99.93,100.77
2021-09-23,99.01,99.2,97.19,97.82
2021-09-24,101.98,104.29,100.87,101.81
2021-09-25,100.29,100.76,99.03,100.44
2021-09-26,99.85,101.4,97.57,100.62
2021-09-27,100.04,104.75,99.95,104.71
2021-09-28,107.63,110.0,107.2,109.77
2021-09-29,104.21,105.92,103.65,104.62
2021-09-30,103.72,103.74,102.44,103.19
2021-10-01,102.25,102.55,93.71,96.12
2021-10-02,94.71,94.72,92.93,94.17
2021-10-03,94.72,97.13,94.43,96.24
2021-10-04,95.76,100.49,95.49,99.76
2021-10-05,99.41,103.32,98.74,100.91
2021-10-06,99.27,105.03,99.24,101.65
2021-10-07,100.39,104.55,99.41,101.57
2021-10-08,98.94,101.71,98.7,99.01
2021-10-09,97.37,101.56,96.66,97.63
2021-10-10,96.61,104.62,96.31,98.5
2021-10-11,98.09,102.6,97.88,98.99
2021-10-12,97.76,106.17,97.66,101.29
2021-10-13,99.61,104.22,98.05,101.07
2021-10-14,97.79,103.02,97.41,102.76
2021-10-15,102.68,114.71,100.29,100.71
2021-10-16,98.12,109.55,88.92,92.25
2021-10-17,94.73,113.15,94.62,97.8
2021-10-18,99.96,112.4,99.64,103.18
2021-10-19,102.28,119.96,100.54,103.74
2021-10-20,104.64,121.13,104.54,113.61
2021-10-21,111.02,135.15,109.12,110.13
2021-10-22,105.89,105.96,102.66,103.5
2021-10-23,103.01,104.1,102.86,103.74
2021-10-24,101.82,105.72,101.77,105.65
2021-10-25,102.02,104.21,101.69,103.1
2021-10-26,98.88,103.27,98.86,103.18
2021-10-27,106.5,109.02,104.99,109.02
2021-10-28,106.85,110.48,106.53,110.39
2021-10-29,103.69,108.75,103.47,107.13
2021-10-30,105.11,107.71,104.71,107.37
2021-10-31,107.55,109.2,107.43,108.41
2021-11-01,107.96,108.91,106.31,107.67
2021-11-02,109.22,112.04,108.29,111.84
2021-11-03,110.24,110.98,108.33,109.19
2021-11-04,107.54,107.95,106.83,107.17
2021-11-05,103.97,105.11,103.58,103.82
2021-11-06,102.25,106.66,102.19,106.48
2021-11-07,104.9,106.21,103.69,104.02
2021-11-08,104.79,106.44,104.09,105.13
2021-11-09,102.78,105.15,102.03,104.51
2021-11-10,103.82,105.83,102.68,105.05
2021-11-11,104.19,104.8,102.74,103.92
2021-11-12,103.68,108.08,102.34,107.06
2021-11-13,105.08,106.3,104.26,105.93
2021-11-14,102.22,103.72,101.46,103.24
2021-11-15,101.09,103.51,100.71,102.78
2021-11-16,108.17,110.7,105.86,110.64
2021-11-17,107.09,110.06,106.74,109.74
2021-11-18,108.29,114.52,107.91,112.49
2021-11-19,108.78,109.14,106.45,106.59
2021-11-20,106.75,107.16,105.56,106.77
2021-11-21,104.56,106.75,103.89,106.26
2021-11-22,105.32,113.21,105.21,112.04
2021-11-23,108.73,111.37,107.93,110.9
2021-11-24,109.57,110.9,108.88,109.53
2021-11-25,106.42,107.15,104.8,106.62
2021-11-26,113.2,113.53,105.28,107.26
2021-11-27,103.1,105.3,102.87,103.51
2021-11-28,103.78,106.47,102.91,105.58
2021-11-29,104.43,104.82,103.59,104.75
2021-11-30,107.02,109.82,105.07,105.95
2021-12-01,105.35,107.14,104.3,106.36
2021-12-02,107.93,108.23,106.23,106.91
2021-12-03,100.74,108.08,100.69,106.88
2021-12-04,110.09,110.39,105.64,106.71
2021-12-05,109.67,110.55,108.44,109.05
2021-12-06,110.41,110.44,106.52,107.38
2021-12-07,107.01,107.78,106.48,106.56
2021-12-08,108.55,109.03,106.6,107.08
2021-12-09,109.22,111.37,108.65,109.56
2021-12-10,108.47,112.23,108.11,112.23
2021-12-11,110.27,110.29,108.42,108.69
2021-12-12,111.29,112.58,110.65,112.55
2021-12-13,112.98,114.09,112.0,112.45
2021-12-14,109.66,112.53,109.29,110.34
2021-12-15,109.74,112.27,108.96,109.05
2021-12-16,103.32,103.82,101.49,103.39
2021-12-17,101.28,104.4,100.09,100.11
2021-12-18,100.72,101.0,99.4,100.48
2021-12-19,99.79,102.54,99.11,102.47
2021-12-20,104.57,105.01,101.52,102.37
2021-12-21,101.09,102.63,100.19,102.21
2021-12-22,101.2,101.53,99.68,99.7
2021-12-23,98.96,99.09,93.75,93.93
2021-12-24,89.53,94.52,89.03,94.03
2021-12-25,90.86,92.87,85.66,91.73
2021-12-26,88.42,90.22,83.47,88.58
2021-12-27,88.2,92.26,82.77,92.17
2021-12-28,88.42,90.06,88.0,88.8
2021-12-29,87.67,93.37,87.66,93.37
2021-12-30,88.46,92.63,87.71,92.62
2021-12-31,81.54,85.13,81.27,83.1
2022-01-01,79.76,83.48,78.75,79.38
2022-01-02,78.88,81.01,78.07,80.9
2022-01-03,80.43,80.61,79.38,80.04
2022-01-04,78.03,79.36,76.56,79.12
2022-01-05,79.67,89.56,79.29,85.44
2022-01-06,85.8,86.09,80.64,80.89
2022-01-07,82.65,85.24,82.43,84.85
2022-01-08,81.93,85.87,79.37,83.21
2022-01-09,83.65,84.54,82.84,84.36
2022-01-10,84.68,88.84,84.62,85.77
2022-01-11,87.3,87.39,82.08,82.17
2022-01-12,82.09,83.17,79.39,79.85
2022-01-13,76.25,76.56,75.04,75.5
2022-01-14,73.99,74.11,71.33,72.08
2022-01-15,69.53,71.35,69.28,70.72
2022-01-16,70.44,72.72,68.45,71.8
2022-01-17,71.66,73.62,71.62,72.74
2022-01-18,72.49,74.85,72.39,73.93
2022-01-19,74.07,74.07,72.37,73.75
2022-01-20,70.46,74.66,68.36,74.66
2022-01-21,73.87,95.6,73.75,92.74
2022-01-22,97.09,98.07,90.14,95.29
2022-01-23,91.75,94.1,91.01,91.8
2022-01-24,104.83,109.67,89.35,94.78
2022-01-25,89.09,96.85,89.08,91.84
2022-01-26,88.13,97.52,87.73,95.83
2022-01-27,94.71,97.76,93.36,97.76
2022-01-28,92.59,93.76,84.33,84.96
2022-01-29,84.48,84.82,83.37,83.81
2022-01-30,82.25,84.76,81.18,83.79
2022-01-31,83.25,84.52,81.92,82.83
2022-02-01,82.42,84.55,81.58,84.44
2022-02-02,82.7,87.46,82.66,87.39
2022-02-03,86.46,88.16,84.69,88.01
2022-02-04,81.23,83.33,80.98,82.3
2022-02-05,77.26,81.97,77.06,80.06
2022-02-06,79.27,81.66,79.18,81.46
2022-02-07,81.67,82.01,80.14,80.86
2022-02-08,80.64,82.23,80.29,81.16
2022-02-09,80.15,81.95,79.81,81.95
2022-02-10,78.68,82.44,78.42,82.44
2022-02-11,78.34,86.68,77.04,85.14
2022-02-12,85.5,86.45,82.34,82.55
2022-02-13,80.79,86.11,80.33,85.9
2022-02-14,84.17,84.18,80.6,82.13
2022-02-15,78.95,79.88,78.34,78.42
2022-02-16,77.82,79.34,75.26,75.26
2022-02-17,77.02,84.61,76.27,82.73
2022-02-18,77.3,79.66,76.46,78.27
2022-02-19,77.35,78.41,76.46,76.89
2022-02-20,82.88,95.06,82.38,92.7
2022-02-21,88.77,95.84,86.13,95.26
2022-02-22,95.0,95.12,89.7,89.93
2022-02-23,86.55,90.32,85.41,90.24
2022-02-24,103.24,104.08,92.86,93.77
2022-02-25,84.46,84.82,82.71,83.64
2022-02-26,82.07,82.51,80.73,82.21
2022-02-27,82.59,94.33,81.68,92.48
2022-02-28,89.37,90.45,85.67,85.85
2022-03-01,84.31,86.11,83.27,86.01
2022-03-02,82.12,84.34,81.32,81.6
2022-03-03,80.37,85.67,80.07,84.11
2022-03-04,81.86,89.54,81.8,88.4
2022-03-05,84.61,85.29,84.49,85.13
2022-03-06,84.53,87.73,83.96,87.73
2022-03-07,86.36,92.6,85.13,92.58
2022-03-08,90.35,91.04,89.6,90.62
2022-03-09,86.56,90.48,86.41,89.59
2022-03-10,90.75,91.78,88.71,88.79
2022-03-11,86.27,91.38,85.45,91.27
2022-03-12,90.42,90.65,89.62,90.33
2022-03-13,89.34,92.6,89.34,92.24
2022-03-14,88.4,92.08,88.23,91.01
2022-03-15,96.28,96.6,91.09,91.59
2022-03-16,91.33,91.67,87.12,87.32
2022-03-17,84.9,84.9,82.72,83.11
2022-03-18,79.83,80.41,77.27,78.88
2022-03-19,75.4,80.19,75.39,80.18
2022-03-20,80.03,82.35,79.77,81.87
2022-03-21,81.99,82.66,80.61,82.66
2022-03-22,82.77,82.8,80.43,80.85
2022-03-23,79.55,79.88,77.5,77.7
2022-03-24,76.23,76.49,75.42,76.06
2022-03-25,73.69,74.14,70.71,70.71
2022-03-26,68.85,71.36,68.57,71.33
2022-03-27,70.42,72.32,70.35,71.65
2022-03-28,69.21,72.67,69.2,72.6
2022-03-29,71.25,71.76,70.91,71.14
2022-03-30,70.41,71.17,69.92,70.8
2022-03-31,72.17,75.15,71.8,75.03
2022-04-01,71.68,72.31,69.61,70.62
2022-04-02,68.85,70.43,68.67,68.77
2022-04-03,68.59,69.39,68.16,69.33
2022-04-04,69.63,70.05,68.61,68.69
2022-04-05,68.39,70.96,68.21,70.89
2022-04-06,72.11,77.19,72.02,77.04
2022-04-07,72.74,74.62,72.45,72.68
2022-04-08,69.47,71.05,68.93,70.66
2022-04-09,67.29,67.6,66.71,66.75
2022-04-10,64.94,70.45,64.65,70.45
2022-04-11,72.99,74.35,71.56,73.72
2022-04-12,72.04,72.21,68.51,69.88
2022-04-13,68.66,70.76,68.56,69.25
2022-04-14,66.3,67.8,66.08,66.83
2022-04-15,66.77,66.86,65.34,65.38
2022-04-16,65.7,65.71,64.74,65.07
2022-04-17,65.7,67.09,64.02,66.91
2022-04-18,68.21,68.51,67.21,68.49
2022-04-19,66.47,66.92,65.72,66.78
2022-04-20,67.08,68.19,66.83,67.34
2022-04-21,65.36,68.63,65.29,68.08
2022-04-22,64.45,66.32,64.45,65.25
2022-04-23,64.61,65.68,64.58,65.59
2022-04-24,64.78,66.56,64.78,66.51
2022-04-25,69.93,73.46,69.52,72.83
2022-04-26,69.51,73.34,69.27,72.36
2022-04-27,71.6,72.62,70.93,71.66
2022-04-28,70.48,71.74,69.55,71.27
2022-04-29,67.12,67.75,66.62,66.73
2022-04-30,64.94,69.72,64.9,69.72
2022-05-01,68.01,69.19,67.24,68.08
2022-05-02,68.46,70.23,68.46,69.68
2022-05-03,69.8,72.71,69.78,72.62
2022-05-04,71.48,72.46,68.3,68.55
2022-05-05,67.66,73.72,67.57,70.94
2022-05-06,69.82,71.41,68.23,68.53
2022-05-07,68.48,73.45,67.42,70.54
2022-05-08,69.71,73.51,69.38,72.52
2022-05-09,81.1,92.38,80.5,89.08
2022-05-10,82.57,89.14,81.04,87.71
2022-05-11,89.87,115.39,89.63,110.36
2022-05-12,141.12,146.09,131.58,132.18
2022-05-13,104.01,109.15,100.56,108.8
2022-05-14,109.28,111.46,103.55,103.6
2022-05-15,104.85,106.33,102.56,104.32
2022-05-16,105.44,108.61,104.7,105.33
2022-05-17,99.91,100.3,96.63,97.29
2022-05-18,99.1,107.95,98.61,107.9
2022-05-19,105.62,106.32,98.73,99.01
2022-05-20,93.14,101.55,93.14,98.59
2022-05-21,91.34,92.05,90.65,91.4
2022-05-22,92.53,94.16,92.07,92.22
2022-05-23,89.59,93.42,89.52,92.17
2022-05-24,92.42,94.69,90.54,91.61
2022-05-25,91.55,93.58,90.26,93.34
2022-05-26,99.63,105.79,93.35,95.91
2022-05-27,95.0,98.7,92.78,98.7
2022-05-28,94.91,95.73,94.06,94.45
2022-05-29,94.42,95.69,93.52,95.32
2022-05-30,90.7,91.31,87.9,90.14
2022-05-31,88.28,89.29,87.71,88.86
2022-06-01,87.18,92.73,86.48,90.86
2022-06-02,87.79,90.0,87.66,87.9
2022-06-03,88.67,89.17,86.29,86.7
2022-06-04,86.71,87.03,85.8,85.97
2022-06-05,84.89,87.08,84.89,86.21
2022-06-06,82.01,83.53,81.47,81.82
2022-06-07,86.57,87.9,85.51,87.34
2022-06-08,88.01,88.84,87.66,88.27
2022-06-09,88.16,88.97,87.05,87.33
2022-06-10,87.37,93.53,87.37,92.46
2022-06-11,95.48,100.0,95.18,97.85
2022-06-12,98.27,105.81,95.58,105.81
2022-06-13,130.83,138.69,128.08,134.62
2022-06-14,133.63,134.64,125.22,130.25
2022-06-15,160.77,160.77,118.75,118.75
2022-06-16,126.28,138.05,123.56,135.82
2022-06-17,121.57,123.6,119.61,123.1
2022-06-18,128.99,149.82,128.59,137.59
2022-06-19,130.37,130.74,126.98,130.05
2022-06-20,120.53,122.56,119.04,119.12
2022-06-21,114.81,120.21,114.62,118.37
2022-06-22,117.2,118.71,116.07,118.59
2022-06-23,114.4,116.95,111.35,111.57
2022-06-24,107.36,114.98,107.36,114.98
2022-06-25,111.92,112.72,110.67,111.21
2022-06-26,109.07,111.58,108.3,111.25
2022-06-27,108.74,112.11,108.64,111.69
2022-06-28,109.66,112.35,109.24,111.42
2022-06-29,114.82,117.95,114.32,116.29
2022-06-30,121.42,122.41,118.3,120.04
2022-07-01,117.94,119.72,117.06,119.0
2022-07-02,116.98,117.22,114.43,114.59
2022-07-03,114.25,115.48,112.6,114.47
2022-07-04,108.43,111.2,107.21,107.35
2022-07-05,109.2,111.37,108.17,108.79
2022-07-06,107.56,108.01,104.97,105.27
2022-07-07,103.9,104.87,102.79,104.64
2022-07-08,104.92,105.71,99.29,100.02
2022-07-09,96.91,96.91,95.61,96.75
2022-07-10,98.72,101.13,98.7,100.04
2022-07-11,100.05,107.39,100.04,106.86
2022-07-12,109.5,111.24,108.71,110.72
2022-07-13,108.74,112.09,102.62,103.41
2022-07-14,102.89,103.52,99.91,100.56
2022-07-15,98.94,101.46,97.83,101.13
2022-07-16,99.79,111.34,98.19,108.0
2022-07-17,108.02,108.32,105.2,105.94
2022-07-18,109.72,116.1,108.76,116.1
2022-07-19,110.58,115.14,109.78,112.62
2022-07-20,109.18,114.0,109.1,112.91
2022-07-21,111.82,111.92,108.87,109.23
2022-07-22,110.15,115.26,109.51,113.38
2022-07-23,112.94,113.5,111.55,113.35
2022-07-24,110.46,116.98,110.45,115.24
2022-07-25,113.69,114.39,110.94,114.06
2022-07-26,113.48,114.36,112.1,112.5
2022-07-27,111.56,111.76,103.78,105.71
2022-07-28,105.66,114.62,105.64,110.59
2022-07-29,108.3,111.06,108.07,109.44
2022-07-30,109.68,110.92,107.86,109.12
2022-07-31,112.56,113.78,112.23,113.75
2022-08-01,111.57,113.6,111.32,112.97
2022-08-02,109.88,111.06,108.74,108.9
2022-08-03,108.47,109.3,108.33,109.22
2022-08-04,107.28,109.43,107.16,108.52
2022-08-05,109.58,109.92,106.5,107.58
2022-08-06,107.0,108.54,106.84,108.46
2022-08-07,108.24,108.73,107.98,108.62
2022-08-08,108.98,109.91,107.76,109.54
2022-08-09,110.25,110.73,108.93,110.3
2022-08-10,109.73,110.58,104.87,105.68
2022-08-11,102.23,103.31,101.81,102.66
2022-08-12,101.89,101.9,99.82,100.96
2022-08-13,102.83,104.55,102.63,104.33
2022-08-14,105.6,106.49,103.67,105.65
2022-08-15,103.44,104.9,102.38,104.62
2022-08-16,102.85,104.49,102.82,103.83
2022-08-17,104.24,109.55,104.2,108.97
2022-08-18,107.9,108.03,105.2,106.75
2022-08-19,111.17,117.34,111.17,117.32
2022-08-20,115.17,116.2,111.23,111.74
2022-08-21,112.27,114.19,111.79,114.19
2022-08-22,114.94,115.96,113.4,114.19
2022-08-23,111.01,112.41,110.87,111.38
2022-08-24,108.88,111.04,108.61,110.74
2022-08-25,109.88,112.46,109.83,111.8
2022-08-26,109.86,112.5,106.91,112.06
2022-08-27,107.93,116.0,107.69,111.92
2022-08-28,111.89,117.48,111.58,117.48
2022-08-29,116.4,116.98,112.78,112.91
2022-08-30,111.36,115.77,111.04,114.33
2022-08-31,113.24,116.79,112.84,115.45
2022-09-01,114.08,116.37,114.04,114.94
2022-09-02,113.92,114.13,110.9,111.4
2022-09-03,110.47,113.38,110.12,113.28
2022-09-04,110.52,112.29,108.68,111.56
2022-09-05,110.99,111.06,109.68,109.75
2022-09-06,108.98,113.25,108.71,112.06
2022-09-07,111.82,112.62,109.77,112.16
2022-09-08,113.42,115.1,113.28,114.9
2022-09-09,115.15,115.15,111.39,113.11
2022-09-10,111.28,115.77,110.85,113.35
2022-09-11,111.4,115.57,111.37,115.45
2022-09-12,114.23,115.81,113.2,115.1
2022-09-13,115.79,119.28,114.49,115.61
2022-09-14,112.96,116.46,112.94,116.01
2022-09-15,100.02,107.08,99.94,103.25
2022-09-16,97.83,103.94,97.83,100.95
2022-09-17,97.5,98.4,95.52,95.52
2022-09-18,94.93,103.75,93.75,103.33
2022-09-19,101.76,101.76,94.64,94.69
2022-09-20,96.53,99.97,96.26,99.96
2022-09-21,97.78,106.67,94.01,103.3
2022-09-22,100.17,104.53,98.98,100.03
2022-09-23,102.25,102.25,98.82,100.74
2022-09-24,97.85,97.9,95.6,96.26
2022-09-25,95.55,99.63,95.13,98.6
2022-09-26,99.25,100.04,97.79,98.97
2022-09-27,94.75,100.85,94.29,98.65
2022-09-28,102.53,102.55,98.41,100.48
2022-09-29,99.95,101.07,99.47,99.87
2022-09-30,97.64,97.88,92.27,93.41
2022-10-01,88.42,95.09,88.42,95.09
2022-10-02,95.4,97.32,94.66,96.97
2022-10-03,94.08,94.08,88.82,88.82
2022-10-04,89.4,89.64,88.92,89.29
2022-10-05,89.17,89.96,88.77,89.08
2022-10-06,87.45,87.57,84.71,84.73
2022-10-07,82.36,83.29,80.89,82.02
2022-10-08,80.66,82.3,79.74,80.4
2022-10-09,80.36,82.88,80.36,82.41
2022-10-10,82.74,84.86,82.29,82.87
2022-10-11,82.99,85.15,82.81,85.07
2022-10-12,84.45,85.95,84.13,85.06
2022-10-13,90.04,92.35,83.19,83.6
2022-10-14,77.12,79.95,77.11,79.74
2022-10-15,79.83,79.91,78.75,79.64
2022-10-16,78.33,79.8,78.08,79.8
2022-10-17,76.61,76.65,73.29,74.0
2022-10-18,75.59,77.4,75.26,76.82
2022-10-19,76.21,76.29,74.12,75.98
2022-10-20,75.58,77.21,74.74,76.62
2022-10-21,75.17,76.64,74.24,75.03
2022-10-22,72.29,73.4,72.03,73.1
2022-10-23,72.49,75.44,72.15,72.94
2022-10-24,74.55,76.53,74.55,76.2
2022-10-25,76.3,85.39,75.34,79.52
2022-10-26,85.4,90.84,85.37,88.34
2022-10-27,85.15,85.39,81.77,82.09
2022-10-28,78.17,79.62,76.9,78.57
2022-10-29,78.42,88.87,78.04,83.62
2022-10-30,86.17,87.4,85.38,86.07
2022-10-31,89.94,90.53,85.72,87.38
2022-11-01,86.64,87.66,85.55,86.24
2022-11-02,84.41,85.17,79.84,79.84
2022-11-03,74.24,77.72,73.63,74.01
2022-11-04,76.39,82.38,76.02,78.21
2022-11-05,75.93,78.32,75.93,77.92
2022-11-06,77.83,81.2,77.47,80.67
2022-11-07,86.25,89.39,84.64,89.29
2022-11-08,92.29,134.48,92.0,104.85
2022-11-09,129.51,157.37,124.49,153.93
2022-11-10,131.6,137.03,122.42,124.99
2022-11-11,120.35,134.61,120.35,124.63
2022-11-12,124.38,126.28,124.02,125.5
2022-11-13,126.8,140.77,126.8,136.34
2022-11-14,117.74,130.37,116.74,125.94
2022-11-15,116.59,118.11,109.43,110.49
2022-11-16,119.02,127.6,118.76,122.98
2022-11-17,107.53,109.14,102.68,102.94
2022-11-18,98.8,99.68,93.74,99.21
2022-11-19,97.68,98.16,92.51,93.18
2022-11-20,110.18,111.32,106.57,108.84
2022-11-21,109.02,111.71,105.62,105.62
2022-11-22,105.24,105.45,100.53,102.72
2022-11-23,93.29,95.05,92.91,93.64
2022-11-24,90.59,91.49,90.18,91.16
2022-11-25,85.81,87.0,85.25,85.58
2022-11-26,84.36,85.45,80.53,84.81
2022-11-27,85.32,86.38,81.05,86.26
2022-11-28,90.08,90.7,89.14,89.97
2022-11-29,84.64,88.64,84.62,85.38
2022-11-30,84.02,84.89,80.59,82.59
2022-12-01,82.8,84.22,82.68,82.83
2022-12-02,77.39,82.9,76.18,76.34
2022-12-03,81.03,81.84,77.84,81.37
2022-12-04,81.47,83.15,80.26,80.38
2022-12-05,79.49,83.95,79.02,80.84
2022-12-06,78.93,79.25,78.39,78.69
2022-12-07,80.9,82.14,79.08,81.97
2022-12-08,77.04,77.25,72.74,72.86
2022-12-09,72.86,78.82,72.61,78.64
2022-12-10,78.66,79.75,78.45,79.71
2022-12-11,82.1,82.82,80.79,82.37
2022-12-12,82.94,83.1,79.62,79.7
2022-12-13,79.22,79.22,78.85,79.2
2022-12-14,78.42,78.74,73.19,73.19
2022-12-15,70.27,72.15,69.86,71.98
2022-12-16,73.57,79.16,71.21,78.05
2022-12-17,76.71,77.93,76.46,76.63
2022-12-18,74.29,76.48,73.19,76.37
2022-12-19,76.27,78.68,75.49,77.39
2022-12-20,72.49,73.41,71.98,72.45
2022-12-21,71.88,72.43,71.69,72.11
2022-12-22,68.78,70.52,68.5,69.92
2022-12-23,68.52,68.97,66.9,67.0
2022-12-24,68.11,68.67,68.1,68.3
2022-12-25,69.51,72.27,69.49,71.38
2022-12-26,69.14,70.36,68.81,68.81
2022-12-27,70.51,70.51,69.04,69.16
2022-12-28,68.96,70.37,68.72,70.07
2022-12-29,69.12,69.27,68.57,68.58
2022-12-30,63.69,64.12,63.14,63.92
2022-12-31,64.11,64.46,63.62,63.9
2023-01-01,62.03,64.76,60.55,61.64
2023-01-02,60.22,62.74,59.89,62.4
2023-01-03,62.29,62.58,61.76,62.24
2023-01-04,59.89,60.7,59.56,60.53
2023-01-05,60.06,60.37,58.84,58.85
2023-01-06,60.01,60.35,59.32,59.76
2023-01-07,59.68,59.71,58.7,58.76
2023-01-08,58.68,59.77,58.15,58.15
2023-01-09,61.68,62.49,60.39,61.97
2023-01-10,59.96,62.49,59.81,62.11
2023-01-11,63.04,64.23,62.52,63.37
2023-01-12,67.06,67.37,61.75,66.43
2023-01-13,66.49,70.41,66.22,70.29
2023-01-14,72.09,82.06,70.82,81.69
2023-01-15,77.21,79.15,75.97,78.81
2023-01-16,79.6,79.71,74.71,76.93
2023-01-17,77.05,78.29,75.6,75.66
2023-01-18,74.75,79.84,74.02,75.35
2023-01-19,69.93,70.41,68.92,68.99
2023-01-20,66.01,67.82,65.37,67.58
2023-01-21,68.28,72.74,68.24,71.16
2023-01-22,69.25,72.03,69.18,70.66
2023-01-23,70.23,72.02,69.97,71.13
2023-01-24,71.03,71.45,68.38,69.54
2023-01-25,69.46,69.46,65.97,66.84
2023-01-26,65.45,65.72,64.93,65.15
2023-01-27,63.31,64.01,62.91,62.91
2023-01-28,62.67,62.89,61.82,62.31
2023-01-29,64.4,70.55,64.4,67.7
2023-01-30,64.6,67.32,64.43,67.17
2023-01-31,64.95,66.49,64.79,65.95
2023-02-01,66.75,70.45,66.66,68.38
2023-02-02,66.34,69.92,66.15,69.88
2023-02-03,67.18,68.93,66.69,68.01
2023-02-04,67.73,68.65,67.6,68.55
2023-02-05,68.73,70.44,67.5,70.16
2023-02-06,68.29,69.75,67.47,68.85
2023-02-07,67.28,68.18,67.12,67.34
2023-02-08,67.02,67.07,66.06,66.06
2023-02-09,63.39,66.29,63.07,65.26
2023-02-10,64.75,66.1,63.98,65.04
2023-02-11,64.0,64.21,63.3,63.57
2023-02-12,63.66,64.19,62.39,63.66
2023-02-13,64.85,67.63,64.64,66.56
2023-02-14,66.56,66.73,61.24,62.52
2023-02-15,61.15,64.32,61.02,64.07
2023-02-16,63.82,69.1,63.05,68.54
2023-02-17,64.47,70.93,63.28,69.26
2023-02-18,67.01,68.2,66.51,66.51
2023-02-19,67.94,69.15,67.43,68.43
2023-02-20,68.6,68.95,67.33,67.39
2023-02-21,67.29,68.52,66.29,67.87
2023-02-22,66.24,68.97,62.84,62.97
2023-02-23,62.25,62.99,61.11,61.35
2023-02-24,58.89,60.61,55.01,55.4
2023-02-25,55.27,59.33,55.15,57.26
2023-02-26,57.11,58.66,56.96,57.68
2023-02-27,56.91,58.1,56.9,57.4
2023-02-28,56.77,57.0,55.89,56.25
2023-03-01,61.94,61.94,59.29,60.16
2023-03-02,60.66,61.07,59.91,60.01
2023-03-03,57.86,58.16,57.42,57.76
2023-03-04,56.25,57.06,55.97,56.88
2023-03-05,57.22,57.56,56.66,57.04
2023-03-06,58.02,58.15,57.35,57.61
2023-03-07,58.25,59.0,56.96,57.07
2023-03-08,57.5,58.05,57.18,57.31
2023-03-09,56.14,62.48,55.07,60.78
2023-03-10,68.67,68.76,63.51,63.61
2023-03-11,71.07,72.52,68.46,68.47
2023-03-12,65.25,69.52,65.25,65.83
2023-03-13,67.4,72.56,67.37,68.8
2023-03-14,70.01,70.02,63.66,66.9
2023-03-15,68.62,69.79,64.67,65.06
2023-03-16,63.53,64.62,61.56,62.78
2023-03-17,66.86,67.44,63.51,66.56
2023-03-18,68.14,71.6,67.35,69.53
2023-03-19,70.8,76.7,70.5,75.18
2023-03-20,72.29,72.36,67.65,67.72
2023-03-21,69.89,74.9,69.84,70.31
2023-03-22,72.07,72.82,64.83,65.54
2023-03-23,65.93,70.04,64.8,69.75
2023-03-24,67.91,68.04,66.38,66.91
2023-03-25,65.68,65.92,64.07,64.24
2023-03-26,63.8,65.31,63.8,64.97
2023-03-27,64.97,67.26,64.93,65.05
2023-03-28,62.97,65.34,62.5,65.26
2023-03-29,67.11,67.13,66.11,66.75
2023-03-30,65.11,66.48,65.09,65.54
2023-03-31,60.59,63.72,60.56,62.74
2023-04-01,61.39,62.44,61.06,62.33
2023-04-02,62.33,64.78,62.0,63.1
2023-04-03,63.51,64.74,62.57,63.73
2023-04-04,63.79,66.17,63.78,65.42
2023-04-05,64.14,64.82,64.05,64.24
2023-04-06,64.49,65.31,62.66,62.66
2023-04-07,60.2,60.74,59.35,59.6
2023-04-08,59.16,59.19,57.29,57.46
2023-04-09,60.22,60.76,59.76,60.36
2023-04-10,62.65,64.32,61.88,64.04
2023-04-11,63.05,63.71,62.52,62.61
2023-04-12,61.22,61.78,58.96,61.48
2023-04-13,63.11,63.62,61.14,62.18
2023-04-14,64.95,65.41,58.99,59.52
2023-04-15,60.26,62.01,60.16,61.56
2023-04-16,61.72,65.26,61.7,64.34
2023-04-17,63.05,63.17,61.47,61.52
2023-04-18,62.54,62.54,61.22,61.22
2023-04-19,61.11,61.12,59.82,60.02
2023-04-20,57.37,59.36,57.06,58.99
2023-04-21,58.64,61.35,58.58,60.49
2023-04-22,58.59,60.34,58.56,59.33
2023-04-23,59.05,59.52,56.94,57.22
2023-04-24,57.98,60.46,57.92,59.81
2023-04-25,57.35,59.19,56.54,56.54
2023-04-26,58.73,59.59,55.29,57.56
2023-04-27,56.93,56.93,55.56,55.74
2023-04-28,52.43,53.25,52.21,53.08
2023-04-29,53.07,53.84,53.02,53.4
2023-04-30,52.75,54.1,52.67,53.56
2023-05-01,54.24,55.94,53.79,53.8
2023-05-02,52.91,54.78,52.82,54.25
2023-05-03,53.81,55.67,53.6,54.36
2023-05-04,54.21,54.21,52.5,52.57
2023-05-05,51.24,53.65,50.95,53.54
2023-05-06,52.25,53.53,51.49,51.74
2023-05-07,52.63,54.47,52.58,54.4
2023-05-08,54.17,54.49,53.11,53.22
2023-05-09,52.7,55.24,52.7,54.53
2023-05-10,54.64,54.8,51.55,51.55
2023-05-11,51.6,54.14,51.28,52.98
2023-05-12,52.13,54.21,51.95,51.97
2023-05-13,50.7,51.57,50.41,51.32
2023-05-14,50.89,51.62,50.77,51.01
2023-05-15,51.14,52.87,51.12,52.64
2023-05-16,51.66,51.96,51.15,51.18
2023-05-17,51.51,51.78,49.33,49.47
2023-05-18,48.24,48.79,46.84,47.15
2023-05-19,46.04,47.03,45.82,46.49
2023-05-20,47.12,47.66,46.91,47.17
2023-05-21,47.23,47.93,46.06,46.13
2023-05-22,47.94,48.47,47.69,48.08
2023-05-23,50.6,50.72,50.25,50.59
2023-05-24,50.13,51.7,49.36,50.45
2023-05-25,48.05,48.06,46.65,46.77
2023-05-26,45.3,46.87,44.28,46.24
2023-05-27,46.46,46.53,44.37,44.37
2023-05-28,45.34,48.26,45.32,48.02
2023-05-29,46.96,46.96,45.38,45.71
2023-05-30,46.62,46.63,43.51,43.57
2023-05-31,45.59,45.62,42.24,42.28
2023-06-01,44.94,45.01,42.3,42.3
2023-06-02,41.73,43.58,41.73,42.77
2023-06-03,42.37,42.38,41.55,42.02
2023-06-04,41.33,42.14,40.91,41.59
2023-06-05,40.34,43.02,39.36,40.35
2023-06-06,39.72,42.68,39.68,42.53
2023-06-07,43.05,43.19,40.82,41.64
2023-06-08,40.92,42.11,40.88,40.94
2023-06-09,40.75,41.67,40.58,40.86
2023-06-10,44.54,45.93,44.08,45.56
2023-06-11,44.33,45.61,44.29,44.96
2023-06-12,46.95,48.48,46.86,48.38
2023-06-13,47.14,47.89,46.98,47.27
2023-06-14,44.57,49.63,43.83,47.95
2023-06-15,50.07,50.35,47.74,47.74
2023-06-16,46.84,48.27,46.59,46.88
2023-06-17,44.91,45.2,44.63,44.89
2023-06-18,45.05,46.24,44.67,45.94
2023-06-19,45.45,45.78,44.97,45.4
2023-06-20,45.74,49.34,45.74,47.99
2023-06-21,49.03,52.65,48.9,51.21
2023-06-22,50.01,50.71,47.46,48.06
2023-06-23,46.98,50.29,46.97,50.28
2023-06-24,47.92,49.27,47.9,49.14
2023-06-25,47.09,48.91,46.88,48.5
2023-06-26,46.61,48.09,46.42,46.87
2023-06-27,47.03,48.64,46.7,47.92
2023-06-28,47.08,47.41,46.26,46.75
2023-06-29,45.63,45.67,43.16,43.27
2023-06-30,43.93,47.11,43.27,45.49
2023-07-01,45.26,45.37,44.03,44.28
2023-07-02,44.64,46.79,44.07,46.67
2023-07-03,46.24,48.62,46.12,48.07
2023-07-04,47.85,47.92,46.92,46.92
2023-07-05,44.82,45.74,43.49,44.12
2023-07-06,45.53,47.35,45.48,46.1
2023-07-07,45.57,46.02,43.68,44.13
2023-07-08,43.98,44.52,41.54,41.54
2023-07-09,41.26,43.14,41.22,42.84
2023-07-10,43.68,43.87,41.99,42.36
2023-07-11,41.74,41.97,41.39,41.59
2023-07-12,42.83,43.07,40.27,40.45
2023-07-13,40.32,46.98,40.24,46.89
2023-07-14,45.47,48.36,45.4,45.4
2023-07-15,45.0,45.52,44.27,44.9
2023-07-16,43.79,43.86,42.45,43.2
2023-07-17,42.91,43.49,42.57,43.02
2023-07-18,43.08,43.44,42.35,42.38
2023-07-19,41.04,42.28,41.04,41.55
2023-07-20,42.34,42.48,39.99,40.38
2023-07-21,39.87,39.87,38.08,38.37
2023-07-22,37.25,38.84,37.22,38.44
2023-07-23,38.16,39.28,36.7,37.15
2023-07-24,37.6,37.68,36.83,37.01
2023-07-25,36.97,37.67,36.58,37.6
2023-07-26,37.95,38.05,35.54,36.16
2023-07-27,35.58,35.95,35.54,35.59
2023-07-28,35.27,35.5,33.92,34.27
2023-07-29,33.59,34.35,33.57,33.98
2023-07-30,34.63,35.41,34.03,35.21
2023-07-31,34.26,35.6,34.13,35.57
2023-08-01,37.77,38.14,36.03,37.06
2023-08-02,37.05,37.86,36.5,37.62
2023-08-03,37.27,37.37,36.23,36.5
2023-08-04,34.91,35.25,34.4,35.2
2023-08-05,35.29,35.46,35.15,35.44
2023-08-06,35.16,35.5,34.76,34.87
2023-08-07,34.16,35.52,33.81,34.53
2023-08-08,33.15,34.96,32.29,34.65
2023-08-09,34.33,35.58,34.33,34.51
2023-08-10,33.61,33.75,33.32,33.47
2023-08-11,31.86,31.86,30.69,30.69
2023-08-12,30.47,31.05,30.12,30.71
2023-08-13,31.71,33.48,31.57,33.43
2023-08-14,31.78,32.33,30.67,32.21
2023-08-15,32.31,32.38,31.45,31.45
2023-08-16,31.33,33.86,31.28,33.71
2023-08-17,32.23,50.65,31.85,45.77
2023-08-18,41.37,43.64,41.37,42.63
2023-08-19,41.51,41.81,39.94,41.71
2023-08-20,39.14,40.22,38.73,39.09
2023-08-21,40.23,41.19,39.69,40.31
2023-08-22,39.8,44.87,39.69,43.36
2023-08-23,37.89,40.53,37.85,40.12
2023-08-24,41.41,43.02,41.32,41.42
2023-08-25,38.33,38.83,37.78,38.17
2023-08-26,38.36,39.35,38.3,39.26
2023-08-27,39.1,40.07,39.02,39.19
2023-08-28,39.65,39.66,38.0,38.08
2023-08-29,38.85,42.26,37.87,38.11
2023-08-30,36.54,37.94,36.4,36.55
2023-08-31,35.37,38.56,35.37,36.93
2023-09-01,35.52,39.15,35.0,37.65
2023-09-02,37.41,37.45,35.65,36.07
2023-09-03,37.98,39.37,37.98,39.23
2023-09-04,37.53,39.59,37.47,38.77
2023-09-05,38.1,38.75,36.64,37.23
2023-09-06,35.65,40.24,35.37,39.5
2023-09-07,37.64,38.58,36.82,37.44
2023-09-08,37.51,37.7,36.75,36.94
2023-09-09,35.71,36.69,35.53,36.17
2023-09-10,38.29,39.56,37.96,38.76
2023-09-11,40.29,43.36,39.41,41.61
2023-09-12,38.15,40.26,38.04,39.57
2023-09-13,39.74,39.91,38.21,39.13
2023-09-14,39.01,39.01,37.77,37.97
2023-09-15,37.76,38.17,36.67,37.04
2023-09-16,36.35,36.65,36.17,36.54
2023-09-17,36.31,36.35,35.18,35.69
2023-09-18,38.24,38.99,37.27,37.4
2023-09-19,37.92,37.99,37.36,37.78
2023-09-20,37.45,37.51,35.13,35.84
2023-09-21,37.49,38.07,34.64,35.6
2023-09-22,33.3,33.71,32.44,33.32
2023-09-23,33.19,35.1,33.0,34.43
2023-09-24,34.59,36.4,34.57,35.34
2023-09-25,34.93,36.27,34.08,35.93
2023-09-26,36.18,36.38,34.81,34.81
2023-09-27,35.07,36.1,32.36,32.49
2023-09-28,34.73,38.57,34.36,38.57
2023-09-29,36.04,36.25,33.96,34.74
2023-09-30,34.26,35.75,34.13,35.16
2023-10-01,35.64,37.22,35.19,36.32
2023-10-02,38.61,39.75,36.41,36.43
2023-10-03,35.51,37.0,34.68,36.91
2023-10-04,36.26,36.37,34.75,34.81
2023-10-05,34.75,35.84,34.35,34.93
2023-10-06,33.78,35.7,33.65,34.34
2023-10-07,34.46,34.88,33.58,33.74
2023-10-08,35.33,35.96,34.45,35.75
2023-10-09,38.24,39.03,36.78,37.28
2023-10-10,36.74,37.67,36.14,36.55
2023-10-11,35.65,37.55,35.26,36.78
2023-10-12,38.32,40.44,35.93,36.51
2023-10-13,36.86,37.3,36.1,36.92
2023-10-14,36.83,37.39,36.36,36.76
2023-10-15,37.39,37.64,37.12,37.46
2023-10-16,36.76,39.31,35.53,36.91
2023-10-17,36.2,37.54,35.37,35.39
2023-10-18,35.38,35.86,34.29,34.75
2023-10-19,35.02,36.27,34.29,34.63
2023-10-20,39.69,39.69,36.67,38.43
2023-10-21,37.76,42.18,36.89,41.61
2023-10-22,41.13,46.9,40.24,45.52
2023-10-23,45.8,52.6,42.61,48.48
2023-10-24,53.98,55.0,50.22,50.66
2023-10-25,49.38,52.64,48.66,49.59
2023-10-26,55.25,55.25,50.13,50.89
2023-10-27,47.09,47.75,43.07,43.84
2023-10-28,45.06,46.09,45.05,46.05
2023-10-29,46.71,50.0,46.67,49.93
2023-10-30,51.85,52.47,50.22,50.31
2023-10-31,50.56,51.68,50.22,51.68
2023-11-01,51.77,56.5,51.56,55.87
2023-11-02,58.0,58.17,56.05,56.46
2023-11-03,53.49,55.89,53.37,55.39
2023-11-04,56.52,58.87,56.04,58.79
2023-11-05,57.31,61.6,57.31,61.06
2023-11-06,58.85,59.61,57.2,58.1
2023-11-07,55.4,55.97,52.77,55.69
2023-11-08,55.08,56.2,55.05,56.14
2023-11-09,58.98,66.07,58.98,64.58
2023-11-10,60.92,62.0,58.0,58.02
2023-11-11,59.31,60.58,57.22,58.99
2023-11-12,58.32,59.87,58.0,59.6
2023-11-13,60.43,63.2,60.39,62.47
2023-11-14,60.97,63.44,60.95,61.27
2023-11-15,59.64,63.72,59.06,63.54
2023-11-16,63.61,63.68,58.39,58.39
2023-11-17,57.09,57.4,54.88,57.22
2023-11-18,53.87,55.71,53.15,54.43
2023-11-19,54.48,57.22,54.46,57.2
2023-11-20,56.78,59.11,56.67,57.46
2023-11-21,55.92,56.97,54.84,55.37
2023-11-22,54.56,55.56,53.96,54.87
2023-11-23,55.44,55.85,53.92,54.03
2023-11-24,53.87,55.42,52.6,54.25
2023-11-25,54.06,54.83,53.97,54.35
2023-11-26,52.26,54.05,51.42,53.58
2023-11-27,52.33,52.51,49.61,50.25
2023-11-28,48.84,51.46,48.3,48.99
2023-11-29,49.77,51.41,49.72,50.17
2023-11-30,50.39,50.97,49.7,50.5
2023-12-01,51.15,51.9,50.98,51.46
2023-12-02,51.32,55.59,50.94,55.17
2023-12-03,55.32,56.83,54.9,55.64
2023-12-04,56.01,56.85,55.35,56.48
2023-12-05,54.57,57.47,54.3,57.47
2023-12-06,56.77,57.12,54.8,55.0
2023-12-07,54.42,57.25,53.94,56.75
2023-12-08,57.59,57.82,56.37,57.54
2023-12-09,56.79,57.83,56.31,56.51
2023-12-10,56.28,57.55,55.82,57.1
2023-12-11,59.08,61.77,58.33,60.64
2023-12-12,58.31,58.66,57.09,57.13
2023-12-13,58.08,58.2,56.07,57.48
2023-12-14,57.36,57.53,56.12,56.63
2023-12-15,55.96,56.87,55.29,55.29
2023-12-16,55.08,56.14,54.68,56.09
2023-12-17,56.85,57.69,56.27,57.2
2023-12-18,58.16,58.34,56.79,58.12
2023-12-19,57.89,59.2,57.34,59.13
2023-12-20,58.71,58.74,56.45,56.54
2023-12-21,58.14,58.68,57.45,58.46
2023-12-22,59.63,61.21,59.29,60.46
2023-12-23,59.82,62.06,59.1,62.06
2023-12-24,63.12,63.19,61.91,62.22
2023-12-25,60.31,61.08,59.54,59.62
2023-12-26,59.56,62.35,59.08,61.89
2023-12-27,63.04,67.09,62.86,66.96
2023-12-28,66.65,67.71,65.94,66.49
2023-12-29,65.73,67.82,65.03,66.24
2023-12-30,68.57,70.81,67.4,69.58
2023-12-31,71.63,71.64,67.96,70.15
2024-01-01,66.18,70.86,66.14,70.21
2024-01-02,69.06,69.87,68.5,68.55
2024-01-03,66.76,78.93,66.76,68.87
2024-01-04,68.83,70.1,68.63,69.48
2024-01-05,70.67,71.34,70.4,70.64
2024-01-06,71.24,74.1,71.2,73.05
2024-01-07,73.59,74.59,73.5,74.59
2024-01-08,72.18,72.32,69.62,69.84
2024-01-09,66.34,70.76,66.34,69.32
2024-01-10,70.64,71.96,68.32,69.57
2024-01-11,68.07,68.08,64.36,64.51
2024-01-12,64.44,65.51,62.52,63.99
2024-01-13,63.04,64.35,62.92,63.65
2024-01-14,62.68,65.56,62.63,65.08
2024-01-15,62.67,63.11,61.86,62.04
2024-01-16,59.71,61.91,59.03,61.58
2024-01-17,56.55,56.98,54.53,54.53
2024-01-18,48.54,48.73,46.86,47.31
2024-01-19,46.9,48.84,46.13,47.29
2024-01-20,44.88,47.03,44.88,45.33
2024-01-21,43.2,46.51,43.2,46.04
2024-01-22,47.82,48.58,46.65,47.66
2024-01-23,54.36,54.83,51.21,51.41
2024-01-24,47.3,48.87,46.37,46.37
2024-01-25,47.0,49.0,46.22,46.8
2024-01-26,46.01,46.07,43.66,43.92
2024-01-27,42.9,43.86,41.78,43.75
2024-01-28,44.58,46.45,44.48,45.52
2024-01-29,45.23,46.32,44.5,45.9
2024-01-30,45.83,50.04,45.82,48.42
2024-01-31,48.01,48.26,46.52,46.54
2024-02-01,44.59,46.03,44.59,45.77
2024-02-02,44.74,45.25,43.3,43.38
2024-02-03,42.89,43.68,42.3,42.37
2024-02-04,43.07,44.17,42.8,43.75
2024-02-05,43.44,44.03,42.29,42.29
2024-02-06,43.69,45.28,43.36,45.02
2024-02-07,43.55,46.21,43.5,45.84
2024-02-08,45.71,46.25,45.46,45.9
2024-02-09,49.8,50.28,48.58,49.39
2024-02-10,48.83,50.26,48.65,49.61
2024-02-11,50.43,51.03,50.31,51.0
2024-02-12,50.3,57.03,50.15,56.78
2024-02-13,58.47,58.81,53.81,54.03
2024-02-14,58.57,59.76,58.18,58.19
2024-02-15,60.27,61.64,58.57,59.11
2024-02-16,57.26,58.8,57.06,58.06
2024-02-17,58.87,60.09,58.26,59.05
2024-02-18,57.82,63.84,57.76,63.49
2024-02-19,61.94,62.55,61.42,61.49
2024-02-20,60.38,61.64,59.6,61.31
2024-02-21,58.2,60.92,58.1,60.26
2024-02-22,61.29,61.55,60.56,60.6
2024-02-23,56.57,58.92,56.57,58.22
2024-02-24,60.13,61.48,59.71,60.27
2024-02-25,60.99,63.43,60.01,63.16
2024-02-26,62.59,64.03,60.5,61.4
2024-02-27,63.53,65.6,62.2,62.53
2024-02-28,64.05,75.63,63.86,68.25
2024-02-29,73.82,74.74,67.15,67.36
2024-03-01,67.77,68.46,66.44,68.17
2024-03-02,68.14,68.88,67.85,68.27
2024-03-03,69.83,75.47,69.83,75.07
2024-03-04,76.53,77.89,73.39,75.57
2024-03-05,76.82,78.97,76.28,76.92
2024-03-06,82.54,83.79,78.93,78.95
2024-03-07,77.35,77.98,74.68,74.68
2024-03-08,77.06,79.16,75.66,76.24
2024-03-09,75.0,77.71,74.98,77.06
2024-03-10,78.83,80.82,78.56,80.39
2024-03-11,81.77,87.41,81.76,85.18
2024-03-12,80.6,80.74,74.43,74.43
2024-03-13,78.45,78.64,73.39,73.39
2024-03-14,72.35,73.55,71.58,72.33
2024-03-15,78.61,78.81,74.91,75.54
2024-03-16,74.66,79.66,73.84,78.79
2024-03-17,78.27,78.39,74.87,75.04
2024-03-18,75.14,76.8,73.72,75.13
2024-03-19,79.26,82.45,78.47,82.45
2024-03-20,81.7,84.71,77.72,78.17
2024-03-21,78.69,78.73,75.97,78.0
2024-03-22,76.59,79.39,76.52,76.56
2024-03-23,78.35,78.52,76.82,77.85
2024-03-24,77.56,77.56,74.26,75.67
2024-03-25,77.68,78.35,76.18,77.54
2024-03-26,76.87,79.05,76.64,78.8
2024-03-27,77.33,79.91,77.23,79.35
2024-03-28,80.5,81.43,79.77,80.41
2024-03-29,79.66,80.17,79.05,79.11
2024-03-30,79.19,79.67,78.9,79.64
2024-03-31,79.6,81.02,79.52,81.02
2024-04-01,80.75,80.75,76.6,78.68
2024-04-02,78.79,79.0,76.72,77.7
2024-04-03,77.02,77.2,75.84,75.93
2024-04-04,73.54,74.74,72.43,74.3
2024-04-05,74.93,75.21,72.32,72.91
2024-04-06,71.2,72.93,70.71,72.29
2024-04-07,73.52,79.16,73.52,79.16
2024-04-08,81.54,82.77,78.25,79.57
2024-04-09,78.51,78.64,76.76,76.76
2024-04-10,75.85,76.99,73.78,74.05
2024-04-11,72.51,72.52,70.6,71.64
2024-04-12,68.79,71.43,68.64,69.61
2024-04-13,69.62,86.2,67.98,80.22
2024-04-14,79.68,82.11,75.96,75.99
2024-04-15,72.82,76.58,70.8,74.04
2024-04-16,77.35,79.59,77.35,78.08
2024-04-17,75.71,77.77,74.85,77.39
2024-04-18,74.35,74.81,73.94,74.44
2024-04-19,75.75,76.87,74.5,76.06
2024-04-20,74.39,75.72,71.75,75.39
2024-04-21,73.78,74.93,73.4,74.47
2024-04-22,74.58,74.78,73.6,74.1
2024-04-23,72.65,73.48,70.14,70.14
2024-04-24,71.69,72.3,69.17,69.89
2024-04-25,65.16,67.44,64.4,67.12
2024-04-26,63.58,66.76,63.58,65.9
2024-04-27,64.86,69.95,64.7,67.65
2024-04-28,64.85,65.64,62.85,65.45
2024-04-29,63.98,64.03,61.97,62.56
2024-04-30,65.11,74.93,65.11,71.72
2024-05-01,70.32,80.83,70.17,73.05
2024-05-02,69.95,70.94,63.0,64.01
2024-05-03,62.9,66.46,61.97,66.18
2024-05-04,69.51,69.52,68.08,68.45
2024-05-05,69.47,70.17,69.07,69.38
2024-05-06,68.62,69.31,66.27,66.64
2024-05-07,64.89,64.95,63.32,64.45
2024-05-08,64.01,64.23,62.35,63.06
2024-05-09,63.53,63.53,61.45,61.45
2024-05-10,60.3,64.25,60.25,63.61
2024-05-11,60.82,61.65,59.27,61.61
2024-05-12,62.88,63.26,62.17,62.18
2024-05-13,64.91,65.02,63.63,63.82
2024-05-14,62.46,63.86,62.4,63.21
2024-05-15,66.81,66.82,61.38,62.31
2024-05-16,61.17,61.46,59.68,60.73
2024-05-17,60.12,62.51,60.08,60.84
2024-05-18,61.93,62.25,61.05,61.31
2024-05-19,63.67,63.89,62.87,63.69
2024-05-20,64.3,82.16,64.3,79.17
2024-05-21,78.34,79.49,76.02,79.34
2024-05-22,78.46,79.07,77.27,77.77
2024-05-23,82.32,82.32,67.46,67.48
2024-05-24,67.2,67.2,64.91,65.31
2024-05-25,66.56,66.79,64.72,65.2
2024-05-26,66.31,69.54,66.22,69.18
2024-05-27,68.13,68.14,66.84,66.91
2024-05-28,66.9,67.13,65.7,66.61
2024-05-29,64.76,67.82,64.74,67.8
2024-05-30,66.22,66.46,64.85,65.12
2024-05-31,65.32,66.96,65.32,66.78
2024-06-01,67.12,68.54,67.0,68.1
2024-06-02,67.85,67.96,67.1,67.43
2024-06-03,67.28,68.01,64.99,65.02
2024-06-04,63.9,66.17,63.71,64.83
2024-06-05,64.01,68.26,64.01,67.91
2024-06-06,65.36,65.45,62.82,62.85
2024-06-07,64.03,64.26,61.55,62.08
2024-06-08,61.55,62.91,61.48,61.95
2024-06-09,62.36,63.38,61.97,63.03
2024-06-10,62.96,63.01,62.23,62.54
2024-06-11,64.2,65.03,63.11,64.86
2024-06-12,65.13,65.76,62.61,62.65
2024-06-13,61.77,61.78,59.63,60.39
2024-06-14,59.17,61.12,57.28,61.06
2024-06-15,63.98,64.27,62.49,62.98
2024-06-16,63.57,63.87,63.13,63.23
2024-06-17,62.46,63.11,61.66,61.69
2024-06-18,62.6,64.64,62.47,64.26
2024-06-19,66.8,66.93,65.9,65.95
2024-06-20,66.92,67.01,64.14,64.14
2024-06-21,62.2,62.92,61.78,62.71
2024-06-22,62.64,63.04,62.45,62.83
2024-06-23,62.84,66.15,62.76,66.06
2024-06-24,62.75,65.09,62.5,64.01
2024-06-25,62.36,62.52,61.76,61.76
2024-06-26,60.18,60.22,59.54,59.83
2024-06-27,59.85,61.65,59.83,61.35
2024-06-28,59.46,59.47,57.64,58.09
2024-06-29,56.66,57.15,56.66,57.12
2024-06-30,56.65,58.49,56.65,58.31
2024-07-01,58.1,60.04,58.05,59.98
2024-07-02,57.07,57.21,56.31,56.37
2024-07-03,56.69,58.18,56.34,57.93
2024-07-04,59.74,59.88,58.36,59.25
2024-07-05,65.59,66.27,61.85,62.53
2024-07-06,62.46,62.47,61.76,62.13
2024-07-07,62.0,64.63,61.69,62.72
2024-07-08,64.73,66.5,64.2,65.23
2024-07-09,65.34,65.34,63.07,63.07
2024-07-10,62.67,62.96,61.53,61.55
2024-07-11,61.07,61.71,60.57,60.72
2024-07-12,59.37,59.38,57.86,57.98
2024-07-13,57.68,58.5,56.85,58.5
2024-07-14,59.77,60.18,59.42,60.17
2024-07-15,62.34,64.73,62.34,64.61
2024-07-16,64.25,64.93,63.99,64.69
2024-07-17,68.89,68.95,66.92,67.05
2024-07-18,64.55,64.86,63.85,64.84
2024-07-19,64.44,67.04,64.42,66.46
2024-07-20,65.98,67.97,65.57,67.93
2024-07-21,67.07,71.05,67.07,70.97
2024-07-22,68.92,70.15,68.47,68.61
2024-07-23,69.22,69.68,65.03,65.34
2024-07-24,63.15,63.63,62.42,62.76
2024-07-25,65.02,65.56,64.49,64.93
2024-07-26,63.84,63.95,62.79,62.88
2024-07-27,62.47,63.75,61.44,61.44
2024-07-28,59.37,59.81,58.52,59.35
2024-07-29,62.13,62.2,57.89,57.89
2024-07-30,55.78,56.23,55.34,56.23
2024-07-31,55.16,55.37,54.59,54.87
2024-08-01,54.41,54.98,53.43,54.92
2024-08-02,53.3,56.85,53.22,56.76
2024-08-03,57.85,60.0,57.75,59.69
2024-08-04,60.74,73.09,60.64,68.27
2024-08-05,79.39,83.61,75.53,76.22
2024-08-06,74.58,74.67,72.91,73.04
2024-08-07,71.87,76.1,71.85,76.02
2024-08-08,74.66,74.66,70.72,70.72
2024-08-09,70.48,72.49,70.06,71.35
2024-08-10,71.55,72.28,71.14,71.68
2024-08-11,72.49,74.61,72.46,74.26
2024-08-12,75.16,75.18,72.95,73.43
2024-08-13,73.37,73.56,71.94,72.03
2024-08-14,72.18,72.19,68.87,69.1
2024-08-15,68.97,68.97,65.62,66.73
2024-08-16,66.22,66.28,64.62,64.67
2024-08-17,64.44,64.96,64.36,64.66
2024-08-18,65.19,67.0,64.58,66.78
2024-08-19,65.56,65.77,64.24,64.4
2024-08-20,64.14,65.39,64.13,64.91
2024-08-21,64.34,65.21,63.51,63.55
2024-08-22,63.87,63.87,62.19,62.24
2024-08-23,61.97,63.11,61.7,62.66
2024-08-24,61.83,62.61,61.28,62.54
2024-08-25,62.37,62.5,61.95,62.35
2024-08-26,61.43,61.97,61.04,61.04
2024-08-27,59.04,66.66,59.04,64.29
2024-08-28,63.65,64.86,62.62,62.68
2024-08-29,61.82,64.46,61.56,62.86
2024-08-30,61.85,64.75,61.65,63.34
2024-08-31,61.93,62.16,61.72,61.91
2024-09-01,62.95,65.64,62.8,65.62
2024-09-02,65.27,65.41,64.47,64.49
2024-09-03,63.88,66.93,63.8,66.49
2024-09-04,68.16,68.21,67.11,67.35
2024-09-05,66.93,67.48,66.55,67.42
2024-09-06,69.02,74.26,66.34,73.05
2024-09-07,71.28,71.99,70.94,71.75
2024-09-08,71.5,72.43,68.79,71.6
2024-09-09,68.48,71.72,68.18,68.25
2024-09-10,66.98,67.13,65.69,65.74
2024-09-11,63.12,63.32,62.03,62.55
2024-09-12,63.39,63.42,62.68,62.68
2024-09-13,62.09,62.43,61.36,61.67
2024-09-14,60.46,61.55,60.46,61.46
2024-09-15,61.11,64.18,61.07,64.18
2024-09-16,62.7,62.85,62.2,62.24
2024-09-17,62.41,63.0,61.28,61.32
2024-09-18,62.89,63.04,59.99,60.36
2024-09-19,60.96,62.23,60.88,61.98
2024-09-20,62.54,62.77,60.87,61.06
2024-09-21,60.97,61.69,60.62,61.62
2024-09-22,61.53,61.85,60.83,61.8
2024-09-23,61.52,61.57,60.21,60.29
2024-09-24,60.45,60.84,59.67,60.48
2024-09-25,58.98,59.03,57.07,57.07
2024-09-26,58.31,59.4,57.79,59.21
2024-09-27,59.6,59.91,58.72,58.85
2024-09-28,60.01,60.08,59.43,59.48
2024-09-29,60.82,61.66,60.63,61.6
2024-09-30,62.67,62.73,62.17,62.34
2024-10-01,64.18,65.31,63.91,64.37
2024-10-02,65.15,65.41,62.21,62.65
2024-10-03,64.15,64.68,63.8,64.57
2024-10-04,64.01,64.05,63.24,63.33
2024-10-05,63.26,63.65,62.86,63.09
2024-10-06,63.68,64.59,63.6,64.46
2024-10-07,64.24,64.24,62.54,62.56
2024-10-08,62.22,62.54,61.86,61.91
2024-10-09,62.01,62.41,61.86,62.04
2024-10-10,61.51,61.99,61.0,61.34
2024-10-11,61.06,62.78,61.05,62.63
2024-10-12,62.56,63.42,62.3,63.11
2024-10-13,63.36,63.81,63.19,63.43
2024-10-14,65.02,65.36,64.05,65.05
2024-10-15,62.94,64.63,62.9,64.32
2024-10-16,63.49,64.51,62.66,62.66
2024-10-17,61.67,62.6,60.76,60.92
2024-10-18,59.52,61.64,59.47,61.5
2024-10-19,61.68,61.88,61.29,61.86
2024-10-20,62.68,64.28,62.61,64.13
2024-10-21,63.12,63.35,62.75,62.83
2024-10-22,62.42,62.77,61.18,62.55
2024-10-23,61.88,63.99,61.34,63.24
2024-10-24,61.51,62.85,60.73,61.9
2024-10-25,61.12,65.53,61.12,65.52
2024-10-26,63.58,63.99,63.28,63.93
2024-10-27,63.1,64.57,62.26,64.45
2024-10-28,62.1,64.57,61.96,62.78
2024-10-29,62.83,63.82,62.74,63.5
2024-10-30,63.77,64.2,62.69,63.27
2024-10-31,63.85,64.24,62.38,62.5
2024-11-01,63.25,63.9,62.86,63.8
2024-11-02,64.3,64.59,63.89,64.1
2024-11-03,66.26,68.53,66.22,67.18
2024-11-04,68.01,68.02,66.79,67.8
2024-11-05,66.63,68.2,66.11,67.68
2024-11-06,59.21,62.38,58.61,62.38
2024-11-07,60.89,62.63,60.45,62.57
2024-11-08,58.93,60.81,58.81,60.1
2024-11-09,62.45,62.57,59.9,62.57
2024-11-10,61.74,65.24,61.66,65.21
2024-11-11,61.93,68.31,61.85,68.19
2024-11-12,69.26,69.26,64.19,64.19
2024-11-13,62.83,67.29,62.22,62.24
2024-11-14,64.65,65.09,62.36,63.4
2024-11-15,65.38,65.63,62.72,63.24
2024-11-16,64.28,66.33,64.28,64.85
2024-11-17,64.74,65.6,64.58,65.08
2024-11-18,66.03,66.87,64.81,66.79
2024-11-19,65.7,65.78,63.72,64.56
2024-11-20,63.54,66.36,63.5,65.1
2024-11-21,68.2,72.62,68.09,72.13
2024-11-22,70.64,71.89,69.73,70.49
2024-11-23,71.61,78.78,71.61,78.41
2024-11-24,76.13,77.31,75.07,76.32
2024-11-25,75.85,76.48,73.73,74.93
2024-11-26,74.05,74.08,70.47,73.52
2024-11-27,73.17,75.42,72.57,74.98
2024-11-28,74.5,74.52,71.04,71.3
2024-11-29,69.37,69.74,67.32,67.32
2024-11-30,69.63,71.38,69.38,70.91
2024-12-01,74.96,75.3,74.4,74.84
2024-12-02,72.45,72.65,70.45,70.64
2024-12-03,70.02,70.87,69.7,70.41
2024-12-04,73.14,74.73,72.53,73.75
2024-12-05,74.15,74.42,71.11,71.62
2024-12-06,70.44,72.52,69.98,70.67
2024-12-07,71.69,73.33,71.44,73.16
2024-12-08,72.32,73.18,72.07,72.72
2024-12-09,73.71,75.99,72.54,75.07
2024-12-10,72.04,72.69,71.2,72.28
2024-12-11,73.48,73.68,72.54,72.67
2024-12-12,73.46,73.75,72.29,72.29
2024-12-13,70.66,73.3,70.38,73.1
2024-12-14,72.8,73.32,72.32,72.51
2024-12-15,72.25,73.67,72.1,73.58
2024-12-16,72.57,72.65,71.04,71.31
2024-12-17,70.02,71.78,70.0,71.74
2024-12-18,71.54,73.62,70.77,73.62
2024-12-19,72.02,74.54,71.7,74.45
2024-12-20,76.86,78.6,71.44,71.53
2024-12-21,73.16,73.98,72.92,73.14
2024-12-22,76.23,78.61,76.08,78.52
2024-12-23,74.51,74.66,72.43,74.64
2024-12-24,74.51,74.6,72.93,72.97
2024-12-25,73.18,75.59,73.17,73.93
2024-12-26,73.85,75.49,73.43,75.1
2024-12-27,71.75,74.07,70.66,74.07
2024-12-28,73.7,76.37,73.12,75.63
2024-12-29,75.39,75.63,74.48,75.02
2024-12-30,74.37,75.2,73.97,74.38
2024-12-31,72.73,73.48,70.33,70.35
2025-01-01,69.56,71.15,69.1,71.11
2025-01-02,75.36,75.7,71.51,71.61
2025-01-03,69.78,72.18,68.91,69.01
2025-01-04,70.53,72.05,70.39,71.26
2025-01-05,71.18,71.6,70.98,71.26
2025-01-06,70.65,70.69,68.68,68.91
2025-01-07,68.54,70.76,67.51,70.57
2025-01-08,69.9,70.04,69.13,69.19
2025-01-09,68.53,69.99,68.32,69.99
2025-01-10,70.04,70.28,67.84,67.84
2025-01-11,69.08,69.42,68.76,69.1
2025-01-12,68.74,70.04,68.71,69.71
2025-01-13,69.99,74.15,69.76,71.44
2025-01-14,72.55,72.78,71.54,71.55
2025-01-15,70.57,71.37,70.5,71.3
2025-01-16,70.61,72.6,70.3,71.36
2025-01-17,71.54,72.43,70.76,70.8
2025-01-18,71.5,72.81,71.07,72.65
2025-01-19,74.71,77.7,74.58,76.29
2025-01-20,77.1,78.35,73.15,73.15
2025-01-21,71.41,72.29,70.98,71.09
2025-01-22,70.51,70.55,69.08,69.1
2025-01-23,69.14,69.14,67.81,68.41
2025-01-24,67.72,68.0,65.93,65.93
2025-01-25,66.32,67.11,66.2,67.08
2025-01-26,67.47,67.63,67.07,67.21
2025-01-27,68.51,69.1,67.1,67.79
2025-01-28,67.1,67.38,66.23,66.26
2025-01-29,66.22,66.25,65.23,65.24
2025-01-30,65.37,66.71,65.09,65.71
2025-01-31,64.52,65.55,63.38,64.23
2025-02-01,63.68,66.13,63.45,65.83
2025-02-02,67.31,73.41,67.29,67.84
2025-02-03,70.59,72.43,68.7,70.91
2025-02-04,71.57,72.89,70.41,71.08
2025-02-05,70.09,70.14,68.01,69.77
2025-02-06,69.29,69.89,68.64,69.79
2025-02-07,68.31,69.79,68.1,69.78
2025-02-08,69.73,70.19,69.61,69.78
2025-02-09,69.69,71.62,69.59,71.12
2025-02-10,69.85,70.13,69.11,69.22
2025-02-11,69.68,70.4,69.48,70.26
2025-02-12,70.0,70.75,68.17,69.47
2025-02-13,70.04,70.13,68.95,69.18
2025-02-14,67.0,67.81,66.19,66.83
2025-02-15,65.33,66.18,65.22,65.91
2025-02-16,66.18,67.51,66.16,66.67
2025-02-17,67.0,68.66,66.98,67.43
2025-02-18,67.7,69.37,67.06,67.61
2025-02-19,66.64,66.69,64.92,64.92
2025-02-20,63.83,64.29,62.49,62.65
2025-02-21,61.43,65.84,60.4,63.91
2025-02-22,66.71,66.88,65.02,65.49
2025-02-23,66.26,66.9,65.29,66.83
2025-02-24,63.44,64.91,61.81,64.89
2025-02-25,67.79,67.87,65.04,65.04
2025-02-26,65.31,67.03,64.01,66.16
2025-02-27,66.06,67.07,64.48,66.21
2025-02-28,74.9,75.13,64.87,64.87
2025-03-01,65.25,67.02,64.64,66.24
2025-03-02,66.64,70.16,66.51,68.17
2025-03-03,70.58,75.05,70.38,74.25
2025-03-04,78.43,81.31,72.96,73.05
2025-03-05,73.57,73.89,71.62,71.62
2025-03-06,70.9,72.75,70.83,72.65
2025-03-07,70.57,72.26,69.48,69.48
2025-03-08,67.43,69.24,67.34,69.24
2025-03-09,70.71,78.16,70.71,77.95
2025-03-10,72.29,78.05,71.79,74.95
2025-03-11,73.64,75.18,73.28,73.28
2025-03-12,75.05,76.93,73.33,75.05
2025-03-13,75.31,75.33,74.3,74.34
2025-03-14,74.37,74.45,72.06,72.23
2025-03-15,71.6,72.52,71.27,72.42
2025-03-16,73.0,73.18,72.38,72.67
2025-03-17,72.26,72.71,69.15,69.15
2025-03-18,68.31,68.65,67.36,67.45
2025-03-19,68.56,68.58,67.86,68.44
2025-03-20,66.48,66.53,65.3,65.47
2025-03-21,65.17,65.5,63.98,64.09
2025-03-22,66.14,66.54,65.85,66.48
2025-03-23,64.52,65.04,63.6,64.13
2025-03-24,64.4,64.43,62.5,62.5
2025-03-25,62.49,62.67,61.6,61.88
2025-03-26,61.66,62.18,61.57,62.0
2025-03-27,60.91,61.6,60.77,61.31
2025-03-28,66.03,66.03,64.11,64.2
2025-03-29,67.77,72.38,67.51,71.49
2025-03-30,69.41,72.03,69.19,71.67
2025-03-31,70.65,71.09,68.64,68.64
2025-04-01,66.37,66.7,65.27,66.55
2025-04-02,66.95,69.67,65.3,68.99
2025-04-03,68.72,70.6,68.7,69.62
2025-04-04,72.01,72.53,69.49,71.29
2025-04-05,72.13,73.25,72.1,72.98
2025-04-06,73.97,83.92,73.88,81.48
2025-04-07,85.3,85.3,74.66,75.06
2025-04-08,75.31,79.76,74.64,78.39
2025-04-09,84.29,84.67,72.77,72.77
2025-04-10,74.44,77.6,73.81,75.48
2025-04-11,75.87,76.48,75.02,76.36
2025-04-12,76.28,77.51,74.13,75.63
2025-04-13,76.79,79.09,74.97,78.58
2025-04-14,74.61,74.73,72.61,72.65
2025-04-15,71.3,71.79,70.69,70.85
2025-04-16,70.23,73.28,69.41,69.7
2025-04-17,69.7,70.54,69.67,70.28
2025-04-18,68.89,68.89,68.22,68.38
2025-04-19,68.63,68.72,67.0,67.74
2025-04-20,69.12,69.29,68.94,69.02
2025-04-21,68.56,69.84,68.2,68.43
2025-04-22,68.26,72.69,68.26,72.69
2025-04-23,72.94,73.25,70.94,71.7
2025-04-24,70.0,70.27,69.47,69.58
2025-04-25,69.7,70.38,68.89,69.34
2025-04-26,69.87,70.17,69.78,69.93
2025-04-27,69.72,70.2,69.54,69.79
2025-04-28,69.88,70.03,68.01,68.11
2025-04-29,68.17,68.25,67.49,67.69
2025-04-30,66.94,68.16,66.37,66.48
2025-05-01,66.11,67.62,66.1,66.22
2025-05-02,65.87,65.89,64.13,64.35
2025-05-03,64.14,64.7,63.87,64.59
2025-05-04,64.28,65.18,64.23,65.12
2025-05-05,64.81,65.17,62.47,62.62
2025-05-06,63.01,64.39,62.99,64.3
2025-05-07,64.46,64.76,63.07,63.45
2025-05-08,64.3,69.04,63.88,66.96
2025-05-09,71.44,73.15,70.86,72.25
2025-05-10,76.47,78.25,75.47,75.47
2025-05-11,75.26,75.65,74.58,74.66
2025-05-12,74.37,74.67,72.31,72.31
2025-05-13,69.19,73.96,69.19,71.34
2025-05-14,69.96,71.38,69.93,70.83
2025-05-15,68.8,71.52,68.57,70.15
2025-05-16,70.13,70.33,68.34,68.94
2025-05-17,69.25,70.17,68.98,69.33
2025-05-18,69.04,75.77,68.82,74.3
2025-05-19,72.21,72.26,70.6,71.07
2025-05-20,71.22,71.7,70.55,70.88
2025-05-21,72.25,73.59,72.12,73.4
2025-05-22,74.94,75.47,74.62,74.79
2025-05-23,73.65,75.1,72.41,72.7
2025-05-24,72.89,73.09,72.64,72.74
2025-05-25,72.83,73.8,72.83,73.54
2025-05-26,72.45,72.56,71.79,71.8
2025-05-27,71.43,72.29,70.85,71.17
2025-05-28,69.47,70.54,69.46,70.14
2025-05-29,71.58,73.22,70.64,72.95
2025-05-30,72.04,72.31,70.75,71.41
2025-05-31,71.19,72.88,69.96,72.48
2025-06-01,73.47,74.6,72.12,72.23
2025-06-02,71.1,71.11,69.07,69.56
2025-06-03,68.69,68.93,68.26,68.38
2025-06-04,67.36,68.14,67.27,67.9
2025-06-05,67.4,72.74,67.34,72.45
2025-06-06,70.24,70.4,69.3,69.32
2025-06-07,67.93,72.65,67.88,71.27
2025-06-08,70.54,71.44,70.37,71.03
2025-06-09,69.03,70.99,68.74,70.68
2025-06-10,73.54,76.63,73.46,76.22
2025-06-11,73.55,75.13,71.91,71.92
2025-06-12,71.54,71.67,69.61,70.64
2025-06-13,73.17,75.77,73.1,74.82
2025-06-14,73.26,73.9,72.38,73.18
2025-06-15,74.24,79.66,73.67,78.15
2025-06-16,75.3,76.24,74.28,76.2
2025-06-17,75.33,76.27,74.98,75.19
2025-06-18,74.62,76.0,74.49,74.72
2025-06-19,72.39,73.13,72.11,72.64
2025-06-20,70.38,72.62,69.77,71.49
2025-06-21,71.07,77.49,70.92,76.26
2025-06-22,72.17,76.81,72.15,73.43
2025-06-23,72.0,74.3,71.09,71.1
2025-06-24,71.24,71.26,69.81,70.17
2025-06-25,68.91,70.11,68.42,69.32
2025-06-26,68.44,69.02,67.78,68.88
2025-06-27,65.5,65.92,64.85,65.59
2025-06-28,63.46,64.03,62.95,63.96
2025-06-29,64.25,65.35,63.79,65.08
2025-06-30,64.48,64.55,63.1,63.1
2025-07-01,61.4,61.78,61.05,61.62
2025-07-02,60.59,67.01,60.14,66.47
2025-07-03,66.52,66.62,65.05,65.45
2025-07-04,62.4,64.46,62.22,64.25
2025-07-05,62.44,62.76,61.86,62.73
2025-07-06,62.4,63.42,62.35,63.38
2025-07-07,63.62,64.38,63.62,63.75
2025-07-08,62.12,63.22,62.01,63.12
2025-07-09,63.04,65.82,63.04,65.37
2025-07-10,65.65,67.97,65.53,67.2
2025-07-11,67.76,68.63,67.55,68.43
2025-07-12,67.02,68.59,66.86,68.03
2025-07-13,67.96,69.77,66.27,66.36
2025-07-14,66.61,68.51,66.42,67.67
2025-07-15,64.79,70.02,64.79,69.08
2025-07-16,67.75,70.17,65.32,66.17
2025-07-17,72.52,72.53,68.58,71.04
2025-07-18,68.32,69.25,67.22,67.29
2025-07-19,66.5,67.55,66.17,67.55
2025-07-20,71.91,71.94,70.47,70.58
2025-07-21,70.12,70.85,69.54,69.6
2025-07-22,67.6,68.73,67.56,68.42
2025-07-23,67.3,68.36,66.88,68.18
2025-07-24,66.73,68.26,66.48,67.47
2025-07-25,68.02,68.62,67.02,67.36
2025-07-26,67.02,67.52,66.99,67.52
2025-07-27,68.38,69.85,67.91,67.96
2025-07-28,68.64,69.63,67.65,67.68
2025-07-29,67.52,67.95,65.82,66.53
2025-07-30,64.78,65.28,64.07,65.18
2025-07-31,65.04,67.32,64.82,67.3
2025-08-01,66.63,70.5,66.1,69.77
2025-08-02,67.66,70.47,67.33,70.19
2025-08-03,68.69,69.24,68.02,68.96
2025-08-04,64.12,66.57,64.11,66.19
2025-08-05,65.14,66.18,64.42,65.94
2025-08-06,65.33,65.63,64.47,64.68
2025-08-07,64.77,66.09,64.41,65.44
2025-08-08,63.4,68.75,63.4,67.97
2025-08-09,68.73,70.97,67.75,70.64
2025-08-10,68.94,69.94,67.31,68.38
2025-08-11,66.87,71.57,66.82,69.21
2025-08-12,68.61,70.51,67.87,69.79
2025-08-13,71.2,72.71,70.56,70.88
2025-08-14,68.68,71.61,67.94,71.24
2025-08-15,68.61,71.65,68.52,71.64
2025-08-16,70.4,71.85,70.29,71.72
2025-08-17,70.37,72.83,69.26,72.82
2025-08-18,71.38,72.14,70.0,70.58
2025-08-19,70.97,72.95,70.75,72.92
2025-08-20,72.96,72.96,70.08,70.55
2025-08-21,69.67,70.32,69.53,69.99
2025-08-22,70.16,71.41,67.64,69.41
2025-08-23,68.91,69.27,68.17,68.79
2025-08-24,69.48,72.64,69.23,70.71
2025-08-25,73.32,75.63,73.16,74.6
2025-08-26,74.67,76.02,74.38,74.72
2025-08-27,73.95,74.74,71.73,71.73
2025-08-28,71.48,71.67,69.99,70.42
2025-08-29,72.07,72.17,70.64,70.74
2025-08-30,70.39,71.01,70.31,70.7
2025-08-31,69.42,69.75,68.89,69.67
2025-09-01,68.72,70.86,68.6,70.65
2025-09-02,70.88,71.44,70.79,71.12
2025-09-03,70.52,71.33,70.12,70.59
2025-09-04,69.87,70.83,69.84,70.48
2025-09-05,68.05,68.22,66.14,67.53
2025-09-06,67.28,68.01,67.08,67.41
2025-09-07,67.15,67.34,66.85,67.1
2025-09-08,66.34,66.48,65.06,65.13
2025-09-09,64.32,65.19,64.29,65.15
2025-09-10,65.74,65.77,64.85,65.1
2025-09-11,64.59,64.67,63.6,64.15
2025-09-12,63.45,64.02,62.99,63.78
2025-09-13,62.36,63.07,61.71,61.8
2025-09-14,61.21,61.72,60.98,61.68
2025-09-15,63.22,63.22,62.73,62.78
2025-09-16,62.97,63.5,62.65,63.5
2025-09-17,64.15,65.37,62.86,63.67
2025-09-18,61.95,62.28,61.16,61.91
2025-09-19,60.62,61.15,60.11,60.79
2025-09-20,60.69,60.77,60.06,60.3
2025-09-21,60.31,60.67,59.91,60.57
2025-09-22,62.83,63.7,62.83,63.28
2025-09-23,63.3,64.41,63.3,64.12
2025-09-24,63.27,63.74,63.25,63.57
2025-09-25,66.16,66.71,65.86,66.7
2025-09-26,63.83,64.54,62.73,63.6
2025-09-27,63.72,63.78,63.42,63.5
2025-09-28,63.27,64.06,63.25,63.86
2025-09-29,62.97,63.56,62.84,63.14
2025-09-30,62.72,63.16,62.21,62.38
2025-10-01,61.82,63.19,61.82,63.03
2025-10-02,62.79,64.0,62.35,63.54
2025-10-03,62.58,63.53,62.21,62.42
2025-10-04,62.53,62.98,62.25,62.52
2025-10-05,63.25,63.86,62.83,63.15
2025-10-06,62.44,63.67,62.43,63.1
2025-10-07,62.86,64.23,62.62,63.84
2025-10-08,64.35,64.37,62.61,62.74
2025-10-09,63.97,64.74,63.82,64.69
2025-10-10,63.59,73.15,63.56,67.63
2025-10-11,68.55,73.7,67.86,71.71
2025-10-12,69.88,71.85,69.34,71.31
2025-10-13,70.24,70.65,69.15,70.58
2025-10-14,75.06,75.44,73.01,73.13
2025-10-15,72.45,72.79,71.96,72.34
2025-10-16,73.17,73.59,72.75,73.59
2025-10-17,75.72,77.18,75.15,75.49
2025-10-18,74.19,74.19,73.06,73.49
2025-10-19,73.38,73.64,71.91,72.99
2025-10-20,72.18,73.9,72.05,73.24
2025-10-21,73.18,74.75,72.58,74.68
2025-10-22,75.68,76.05,74.6,75.91
2025-10-23,73.97,74.15,72.96,72.97
2025-10-24,70.33,70.66,69.35,69.47
2025-10-25,68.85,69.25,68.83,69.21
2025-10-26,69.64,70.0,68.96,69.47
2025-10-27,69.32,69.32,68.46,68.75
2025-10-28,68.15,69.93,67.59,69.85
2025-10-29,69.43,71.63,69.13,71.45
2025-10-30,70.14,71.39,69.18,70.04
2025-10-31,67.78,68.59,67.66,68.53
2025-11-01,68.61,68.72,68.26,68.6
2025-11-02,68.4,68.88,67.82,67.84
2025-11-03,69.66,71.36,69.21,70.28
2025-11-04,70.6,79.85,70.41,74.76
2025-11-05,73.62,74.03,70.65,70.65
2025-11-06,71.58,73.85,71.37,72.82
2025-11-07,72.27,73.38,71.37,71.6
2025-11-08,70.69,71.81,70.51,71.8
2025-11-09,72.67,74.22,72.25,73.01
2025-11-10,72.55,72.95,72.11,72.13
2025-11-11,71.91,74.76,71.86,74.73
2025-11-12,73.0,74.72,72.43,73.05
2025-11-13,70.98,74.67,70.81,74.48
2025-11-14,76.47,78.39,75.37,77.94
2025-11-15,75.9,75.93,75.12,75.56
2025-11-16,76.0,79.61,75.83,77.2
2025-11-17,75.19,79.14,75.18,77.94
2025-11-18,77.61,77.77,75.36,75.43
2025-11-19,74.68,78.7,74.39,76.67
2025-11-20,75.68,79.17,75.24,79.04
2025-11-21,82.73,84.36,80.47,80.53
2025-11-22,79.97,80.45,79.57,80.38
2025-11-23,79.93,80.46,79.36,79.79
2025-11-24,78.51,78.82,77.31,77.36
2025-11-25,76.7,76.97,74.29,74.59
2025-11-26,74.5,74.94,72.41,72.66
2025-11-27,71.38,72.02,71.34,71.68
2025-11-28,69.75,71.1,69.51,70.62
2025-11-29,70.85,71.73,70.82,71.24
2025-11-30,71.35,72.22,71.35,72.21
2025-12-01,73.51,75.98,73.51,74.22
2025-12-02,72.4,72.72,70.5,70.56
2025-12-03,68.83,69.79,68.83,69.75
2025-12-04,69.47,69.86,68.62,69.48
2025-12-05,69.24,74.23,69.23,73.21
2025-12-06,73.04,73.45,71.92,73.28
2025-12-07,73.81,77.54,73.79,75.68
2025-12-08,72.89,73.28,72.89,72.94
2025-12-09,71.94,72.94,71.58,72.22
2025-12-10,71.27,72.32,69.63,69.64
2025-12-11,69.25,70.5,68.98,69.75
2025-12-12,67.45,69.99,67.33,68.59
2025-12-13,68.37,69.09,68.31,69.09
2025-12-14,70.72,71.06,70.38,70.9
2025-12-15,67.5,69.82,67.5,69.15
2025-12-16,69.58,69.71,68.89,69.06
2025-12-17,69.07,70.85,68.84,69.58
2025-12-18,69.42,70.71,68.87,69.74
2025-12-19,69.19,69.97,68.18,68.63
2025-12-20,68.02,68.51,67.97,68.51
2025-12-21,68.35,69.39,68.34,68.81
2025-12-22,67.06,68.38,66.77,68.12
2025-12-23,68.07,68.42,66.09,66.94
2025-12-24,66.16,66.37,64.69,65.7
2025-12-25,65.0,65.2,63.41,65.15
2025-12-26,59.88,60.29,59.32,60.04
2025-12-27,60.3,61.01,60.22,61.01
2025-12-28,61.39,62.24,61.31,61.89
2025-12-29,61.75,62.23,61.29,61.31
2025-12-30,61.17,61.36,60.45,60.69
2025-12-31,60.41,60.88,59.24,60.79
2026-01-01,59.95,60.14,58.33,58.82
2026-01-02,59.89,60.28,59.45,59.82
2026-01-03,59.37,60.96,59.3,60.96
2026-01-04,61.13,61.58,60.91,61.43
2026-01-05,62.14,62.43,61.45,61.57
2026-01-06,61.04,61.86,61.02,61.6
2026-01-07,60.81,60.99,59.69,59.83
2026-01-08,60.07,60.21,58.9,59.01
2026-01-09,57.62,58.09,56.77,57.08
2026-01-10,56.62,57.09,56.52,57.04
2026-01-11,57.62,58.24,57.62,58.24
2026-01-12,57.51,57.95,57.49,57.56
2026-01-13,56.63,59.09,56.45,58.6
2026-01-14,57.26,57.68,56.5,57.09
2026-01-15,55.86,56.88,55.84,56.42
2026-01-16,54.94,55.46,53.95,53.97
2026-01-17,53.65,54.22,53.62,54.21
2026-01-18,54.7,55.68,54.67,55.68
2026-01-19,55.38,55.42,54.49,55.02
2026-01-20,54.66,56.51,54.6,56.39
2026-01-21,55.99,56.67,53.97,54.11
2026-01-22,54.13,54.92,54.0,54.79
2026-01-23,52.8,53.52,52.79,53.4
2026-01-24,53.57,54.56,53.51,54.44
2026-01-25,54.94,60.46,54.63,55.58
2026-01-26,54.68,55.0,54.16,54.22
2026-01-27,53.59,54.59,53.58,54.22
2026-01-28,54.77,54.82,53.66,53.67
2026-01-29,52.55,55.19,52.55,54.69
2026-01-30,57.78,60.9,53.82,59.15
2026-01-31,61.96,66.85,61.89,62.78
2026-02-01,63.72,66.76,63.64,66.29
2026-02-02,63.74,65.91,63.74,64.24
2026-02-03,65.82,78.84,65.5,72.26
2026-02-04,70.49,79.73,70.49,78.02
2026-02-05,82.03,100.41,81.74,95.78
2026-02-06,84.55,86.88,76.4,76.89
2026-02-07,79.78,80.41,77.78,79.46
2026-02-08,79.68,79.89,78.68,79.41
2026-02-09,79.38,80.42,76.07,76.89
2026-02-10,75.05,75.49,73.71,73.92
2026-02-11,75.94,76.89,73.4,74.62
2026-02-12,70.77,72.87,70.21,70.23
2026-02-13,68.77,68.96,67.42,68.22
2026-02-14,69.35,69.41,68.75,68.95
2026-02-15,68.86,72.12,68.82,71.58
2026-02-16,70.73,71.53,69.4,69.43
2026-02-17,70.15,71.47,69.28,70.18
2026-02-18,68.58,71.13,68.1,70.78
2026-02-19,69.52,71.09,69.5,69.78
2026-02-20,68.88,69.66,67.85,68.03
2026-02-21,67.86,68.45,67.78,68.45
2026-02-22,68.58,70.46,68.58,69.13
2026-02-23,70.04,73.51,69.32,72.71
2026-02-24,75.0,75.56,70.51,70.78
2026-02-25,67.24,71.65,66.82,71.1
2026-02-26,70.57,71.6,69.44,70.51
2026-02-27,71.03,72.66,70.77,71.23
2026-02-28,74.73,74.74,71.72,72.38
2026-03-01,72.32,75.03,72.26,72.6
2026-03-02,72.57,73.16,71.2,73.13
2026-03-03,75.28,75.36,73.8,73.82
2026-03-04,75.02,75.67,74.13,75.02
2026-03-05,75.22,77.62,75.21,76.21
2026-03-06,76.11,77.58,75.22,76.22
2026-03-07,75.7,77.67,75.62,76.99
2026-03-08,78.8,79.27,78.29,78.42
2026-03-09,76.73,76.88,74.77,74.92
2026-03-10,72.12,75.99,72.09,75.51
2026-03-11,74.69,75.15,73.9,74.76
2026-03-12,74.08,75.0,74.06,74.38
2026-03-13,74.39,75.07,73.96,74.8
2026-03-14,75.72,75.9,75.6,75.83
2026-03-15,75.9,76.48,75.76,76.1
2026-03-16,75.03,76.59,74.97,75.67
2026-03-17,76.87,76.95,74.88,75.88
2026-03-18,76.53,78.91,76.39,78.01
2026-03-19,77.61,79.36,77.59,79.33
2026-03-20,77.95,78.63,77.78,78.53
2026-03-21,76.43,79.06,76.34,79.06
2026-03-22,80.13,80.13,78.07,79.11
2026-03-23,77.51,78.78,75.48,75.53
2026-03-24,75.4,76.58,74.95,74.99
2026-03-25,72.22,74.1,72.2,73.94
2026-03-26,74.56,75.3,73.69,75.08
2026-03-27,74.89,74.89,73.46,73.49
2026-03-28,73.52,74.69,73.47,74.53
2026-03-29,74.16,75.25,74.14,74.49
2026-03-30,73.93,75.53,73.43,74.58
2026-03-31,72.38,73.01,72.22,72.37
2026-04-01,72.97,73.82,71.68,72.02
2026-04-02,72.32,73.97,70.96,71.13
2026-04-03,68.67,69.63,68.09,68.3
2026-04-04,68.19,68.77,68.16,68.74
2026-04-05,69.34,70.08,69.34,69.94
2026-04-06,67.34,69.32,67.33,69.1
2026-04-07,69.16,69.83,69.0,69.49
2026-04-08,66.18,66.68,64.93,65.06
2026-04-09,64.32,64.93,63.44,63.51
2026-04-10,62.97,64.6,62.91,64.32
2026-04-11,64.56,66.88,64.53,66.86
2026-04-12,66.34,66.87,66.02,66.44
2026-04-13,66.04,66.76,64.91,66.67
2026-04-14,66.55,66.56,65.71,65.71
2026-04-15,66.07,66.41,65.71,65.88
2026-04-16,65.99,66.47,65.68,65.68
2026-04-17,64.03,68.14,64.02,64.88
2026-04-18,66.18,67.65,66.18,67.59
2026-04-19,67.4,69.12,67.02,68.39
2026-04-20,65.92,66.78,64.23,65.42
2026-04-21,66.32,66.75,64.77,64.84
2026-04-22,63.72,64.17,63.72,63.81
2026-04-23,64.86,65.44,64.41,64.46
2026-04-24,61.88,62.79,60.63,60.65
2026-04-25,59.9,60.84,59.77,60.82
2026-04-26,61.92,62.14,60.97,61.58
2026-04-27,59.54,60.17,59.15,59.24
2026-04-28,58.5,58.5,57.24,57.63
2026-04-29,56.15,57.68,56.15,57.24
2026-04-30,56.87,57.19,55.81,56.02
2026-05-01,54.62,55.0,54.34,54.74
2026-05-02,54.55,54.94,54.39,54.86
2026-05-03,54.95,55.67,54.9,55.28
2026-05-04,55.84,55.94,55.3,55.86
2026-05-05,55.22,55.43,54.66,55.03
2026-05-06,55.38,56.24,54.71,55.56
2026-05-07,53.06,54.83,52.92,54.22
2026-05-08,53.68,53.86,52.86,53.45
2026-05-09,53.24,54.0,53.14,53.79
2026-05-10,53.96,55.14,53.93,54.61
2026-05-11,53.38,53.69,53.24,53.53
2026-05-12,53.26,53.8,52.7,53.33
2026-05-13,52.69,54.47,52.69,54.2
2026-05-14,54.45,54.72,53.19,54.21
2026-05-15,53.02,54.47,53.01,53.33
2026-05-16,54.21,55.18,54.1,54.13
2026-05-17,53.65,55.75,53.6,55.63
2026-05-18,55.15,55.47,52.86,52.99
2026-05-19,53.32,53.61,52.1,52.15
2026-05-20,52.54,52.81,51.69,52.0
2026-05-21,50.82,51.06,49.34,49.43
2026-05-22,48.56,50.56,48.23,50.29
2026-05-23,52.22,52.34,50.17,50.83
2026-05-24,50.52,51.83,50.51,51.3
2026-05-25,50.01,50.01,47.65,47.66
2026-05-26,47.69,49.01,47.57,48.78
2026-05-27,48.89,49.44,48.88,49.29
2026-05-28,51.01,51.3,49.2,49.24
2026-05-29,48.37,49.39,48.34,48.59
2026-05-30,48.33,49.09,48.33,48.91
2026-05-31,49.12,49.89,49.12,49.63
2026-06-01,49.53,49.81,49.22,49.25
2026-06-02,50.53,55.82,50.35,55.62
2026-06-03,54.85,60.47,54.19,60.4
2026-06-04,64.86,66.06,59.3,59.46
2026-06-05,65.2,71.92,65.2,68.3
2026-06-06,69.28,70.14,68.97,69.23
2026-06-07,66.85,69.91,66.84,67.21
2026-06-08,64.48,64.84,60.91,61.26
2026-06-09,60.83,63.51,60.82,61.31
2026-06-10,62.3,62.46,60.42,61.15
2026-06-11,58.63,58.93,56.84,56.84
2026-06-12,56.0,56.38,55.45,55.52
2026-06-13,55.27,55.62,55.05,55.59
2026-06-14,55.35,55.98,55.33,55.49
2026-06-15,53.31,54.82,52.92,54.25
2026-06-16,54.11,55.04,53.63,54.02
2026-06-17,56.05,56.79,54.82,55.98
2026-06-18,55.77,58.56,55.44,58.18
2026-06-19,58.03,58.34,57.13,57.13
2026-06-20,56.8,57.38,56.3,56.39
2026-06-21,57.59,58.21,57.06,58.17
2026-06-22,55.39,56.26,55.03,55.82
2026-06-23,56.98,57.6,56.1,56.18
2026-06-24,55.51,60.55,55.49,58.83
2026-06-25,57.85,61.83,57.85,60.76
2026-06-26,60.76,62.94,60.57,61.14
